finest_taxon,kingdom,class,order,family,genus,species,Mass_kg,Mass_source,
Aepyceros melampus,Metazoa,Mammalia,Artiodactyla,Bovidae,Aepyceros,Aepyceros melampus,63.50384,Tamburello_etal_2015,
Arthropoda,Metazoa,NA,NA,NA,NA,NA,NA,NA,
Aves,Metazoa,Aves,NA,NA,NA,NA,NA,NA,
Insecta,Metazoa,Insecta,NA,NA,NA,NA,NA,NA,
Mammalia,Metazoa,Mammalia,NA,NA,NA,NA,NA,NA,
Raphicerus sharpei,Metazoa,Mammalia,Artiodactyla,Bovidae,Raphicerus,Raphicerus sharpei,9.49992,EltonTraits,
Vertebrata,Metazoa,NA,NA,NA,NA,NA,NA,NA,
Actinopterygii,Metazoa,NA,NA,NA,NA,NA,NA,NA,
Alaria,Metazoa,Trematoda,Diplostomida,Diplostomidae,Alaria,NA,NA,NA,
Alces alces,Metazoa,Mammalia,Artiodactyla,Cervidae,Alces,Alces alces,307.22744,Tamburello_etal_2015,
Ammospermophilus,Metazoa,Mammalia,Rodentia,Sciuridae,Ammospermophilus,NA,NA,NA,
Amphispiza bilineata,Metazoa,Aves,Passeriformes,Passerellidae,Amphispiza,Amphispiza bilineata,0.0135,EltonTraits,
Anas,Metazoa,Aves,Anseriformes,Anatidae,Anas,NA,NA,NA,
Anas acuta,Metazoa,Aves,Anseriformes,Anatidae,Anas,Anas acuta,0.94,Hein_Gillooly_2011,
Anas cyanoptera,Metazoa,Aves,Anseriformes,Anatidae,Spatula,Spatula cyanoptera,0.37745,EltonTraits,
Anas platyrhynchos,Metazoa,Aves,Anseriformes,Anatidae,Anas,Anas platyrhynchos,1.082,Jenkins_etal_2007,
Anatidae,Metazoa,Aves,Anseriformes,Anatidae,NA,NA,NA,NA,
Anaxyrus boreas,Metazoa,Amphibia,Anura,Bufonidae,Anaxyrus,Anaxyrus boreas,0.0402,Carey 1979 (https://link.springer.com/article/10.1007/BF00348070),
Animalia,Metazoa,NA,NA,NA,NA,NA,NA,NA,
Antilocapra americana,Metazoa,Mammalia,Artiodactyla,Antilocapridae,Antilocapra,Antilocapra americana,46.0999,Tamburello_etal_2015,
Aplodontia rufa,Metazoa,Mammalia,Rodentia,Aplodontiidae,Aplodontia,Aplodontia rufa,1.135,Mace_Harvey_1983,
Artiodactyla,Metazoa,Mammalia,Artiodactyla,NA,NA,NA,NA,NA,
Baiomys musculus,Metazoa,Mammalia,Rodentia,Cricetidae,Baiomys,Baiomys musculus,0.009,EltonTraits,
Bassariscus,Metazoa,Mammalia,Carnivora,Procyonidae,Bassariscus,NA,NA,NA,
Bison,Metazoa,Mammalia,Artiodactyla,Bovidae,Bison,NA,NA,NA,
Bison bison,Metazoa,Mammalia,Artiodactyla,Bovidae,Bison,Bison bison,629.9992,Tamburello_etal_2015,
Blarina brevicauda,Metazoa,Mammalia,Eulipotyphla,Soricidae,Blarina,Blarina brevicauda,0.018,McNab_1963,
Blarina carolinensis,Metazoa,Mammalia,Eulipotyphla,Soricidae,Blarina,Blarina carolinensis,0.0135,EltonTraits,
Bonasa umbellus,Metazoa,Aves,Galliformes,Phasianidae,Bonasa,Bonasa umbellus,0.908,Mace_Harvey_1983,
Bos,Metazoa,Mammalia,Artiodactyla,Bovidae,Bos,NA,NA,NA,
Bos taurus,Metazoa,Mammalia,Artiodactyla,Bovidae,Bos,Bos taurus,900,EltonTraits,
Brachylagus idahoensis,Metazoa,Mammalia,Lagomorpha,Leporidae,Brachylagus,Brachylagus idahoensis,0.3402,Tamburello_etal_2015,
Branta canadensis,Metazoa,Aves,Anseriformes,Anatidae,Branta,Branta canadensis,3.814,Jenkins_etal_2007,
Callospermophilus lateralis,Metazoa,Mammalia,Rodentia,Sciuridae,Callospermophilus,Callospermophilus lateralis,0.191,EltonTraits,
Canidae,Metazoa,Mammalia,Carnivora,Canidae,NA,NA,NA,NA,
Canis,Metazoa,Mammalia,Carnivora,Canidae,Canis,NA,NA,NA,
Canis lupus,Metazoa,Mammalia,Carnivora,Canidae,Canis,Canis lupus,37,Hein_etal_2012,
Canis lupus familiaris,Metazoa,Mammalia,Carnivora,Canidae,Canis,Canis lupus,37,Hein_etal_2012,
Capra,Metazoa,Mammalia,Artiodactyla,Bovidae,Capra,NA,NA,NA,
Capra hircus,Metazoa,Mammalia,Artiodactyla,Bovidae,Capra,Capra hircus,50.99998,Tamburello_etal_2015,
Carnivora,Metazoa,Mammalia,Carnivora,NA,NA,NA,NA,NA,
Castor canadensis,Metazoa,Mammalia,Rodentia,Castoridae,Castor,Castor canadensis,20.25,Jenkins_etal_2007,
Castoridae,Metazoa,Mammalia,Rodentia,Castoridae,NA,NA,NA,NA,
Cebus capucinus,Metazoa,Mammalia,Primates,Cebidae,Cebus,Cebus capucinus,3.11,Galan-Acedo et al. 2019,
Centrocercus urophasianus,Metazoa,Aves,Galliformes,Phasianidae,Centrocercus,Centrocercus urophasianus,1.75,Tamburello_etal,
Cephalogonimus americanus,Metazoa,Trematoda,Plagiorchiida,Cephalogonimidae,Cephalogonimus,Cephalogonimus americanus,#N/A,NA,*flatworms
Cervidae,Metazoa,Mammalia,Artiodactyla,Cervidae,NA,NA,NA,NA,
Cervus canadensis canadensis,Metazoa,Mammalia,Artiodactyla,Cervidae,Cervus,Cervus canadensis,270,Hein_etal_2012,
Cervus elaphus,Metazoa,Mammalia,Artiodactyla,Cervidae,Cervus,Cervus elaphus,234.75778,Tamburello_etal_2015,
Cervus elaphus canadensis,Metazoa,Mammalia,Artiodactyla,Cervidae,Cervus,Cervus canadensis,270,Hein_etal_2012,
Chaetodipus baileyi,Metazoa,Mammalia,Rodentia,Heteromyidae,Chaetodipus,Chaetodipus baileyi,0.02635,EltonTraits,
Chaetodipus formosus,Metazoa,Mammalia,Rodentia,Heteromyidae,Chaetodipus,Chaetodipus formosus,0.01945,EltonTraits,
Chaetodipus penicillatus,Metazoa,Mammalia,Rodentia,Heteromyidae,Chaetodipus,Chaetodipus penicillatus,0.01689,EltonTraits,
Chaetodipus spinatus,Metazoa,Mammalia,Rodentia,Heteromyidae,Chaetodipus,Chaetodipus spinatus,0.01635,EltonTraits,
Charadriidae,Metazoa,Aves,Charadriiformes,Charadriidae,NA,NA,NA,NA,
Charadrius nivosus,Metazoa,Aves,Charadriiformes,Charadriidae,Anarhynchus,Anarhynchus nivosus,0.0423,EltonTraits,
Chordeiles acutipennis,Metazoa,Aves,Caprimulgiformes,Caprimulgidae,Chordeiles,Chordeiles acutipennis,0.04842,EltonTraits,
Chordeiles minor,Metazoa,Aves,Caprimulgiformes,Caprimulgidae,Chordeiles,Chordeiles minor,0.062,Hein_etal_2012,
Coendou mexicanus,Metazoa,Mammalia,Rodentia,Erethizontidae,Coendou,Coendou mexicanus,2,EltonTraits,
Colaptes auratus,Metazoa,Aves,Piciformes,Picidae,Colaptes,Colaptes auratus,0.132,Best_etal_1996,
Coleoptera,Metazoa,Insecta,Coleoptera,NA,NA,NA,NA,NA,
Conepatus semistriatus,Metazoa,Mammalia,Carnivora,Mephitidae,Conepatus,Conepatus semistriatus,1.2,EltonTraits,
Corvus corax,Metazoa,Aves,Passeriformes,Corvidae,Corvus,Corvus corax,1.134,Armstrong_1965,
Cotinis mutabilis,Metazoa,Insecta,Coleoptera,Scarabaeidae,Cotinis,Cotinis mutabilis,#N/A,NA,*Figeater beetle
Cratogeomys merriami,Metazoa,Mammalia,Rodentia,Geomyidae,Cratogeomys,Cratogeomys merriami,0.41999,EltonTraits,
Cricetidae,Metazoa,Mammalia,Rodentia,Cricetidae,NA,NA,NA,NA,
Crotalus atrox,Metazoa,Lepidosauria,Squamata,Viperidae,Crotalus,Crotalus atrox,0.006163066,RepTraits,
Crotalus cerastes,Metazoa,Lepidosauria,Squamata,Viperidae,Crotalus,Crotalus cerastes,0.0003138,RepTraits,
Crotalus molossus,Metazoa,Lepidosauria,Squamata,Viperidae,Crotalus,Crotalus molossus,0.001302737,RepTraits,
Crotalus pyrrhus,Metazoa,Lepidosauria,Squamata,Viperidae,Crotalus,Crotalus pyrrhus,#N/A,NA,*Southwestern Speckled Rattlesnake
Crotalus scutulatus,Metazoa,Lepidosauria,Squamata,Viperidae,Crotalus,Crotalus scutulatus,0.001387499,RepTraits,
Crotalus stephensi,Metazoa,Lepidosauria,Squamata,Viperidae,Crotalus,Crotalus stephensi,0.00116915,RepTraits,
Crotaphytus bicinctores,Metazoa,Lepidosauria,Squamata,Iguanidae,Crotaphytus,Crotaphytus bicinctores,5.24807E-05,RepTraits,
Cuniculus paca,Metazoa,Mammalia,Rodentia,Cuniculidae,Cuniculus,Cuniculus paca,8.17255,EltonTraits,
Cygnus,Metazoa,Aves,Anseriformes,Anatidae,Cygnus,NA,NA,NA,
Cyrtonyx montezumae,Metazoa,Aves,Galliformes,Odontophoridae,Cyrtonyx,Cyrtonyx montezumae,0.18538,EltonTraits,
Dasyprocta punctata,Metazoa,Mammalia,Rodentia,Dasyproctidae,Dasyprocta,Dasyprocta punctata,2.67498,EltonTraits,
Dasypus novemcinctus,Metazoa,Mammalia,Cingulata,Dasypodidae,Dasypus,Dasypus novemcinctus,4.20378,EltonTraits,
Dendragapus obscurus,Metazoa,Aves,Galliformes,Phasianidae,Dendragapus,Dendragapus obscurus,1.05,Schoener_1968,
Dermaptera,Metazoa,Insecta,Dermaptera,NA,NA,NA,NA,NA,
Didelphidae,Metazoa,Mammalia,Didelphimorphia,Didelphidae,NA,NA,NA,NA,
Didelphis marsupialis,Metazoa,Mammalia,Didelphimorphia,Didelphidae,Didelphis,Didelphis marsupialis,2.724,Harestad_ Bunnel_1979,
Didelphis virginiana,Metazoa,Mammalia,Didelphimorphia,Didelphidae,Didelphis,Didelphis virginiana,3.63,McNab_1963,
Dipodidae,Metazoa,Mammalia,Rodentia,Dipodidae,NA,NA,NA,NA,
Dipodomys,Metazoa,Mammalia,Rodentia,Heteromyidae,Dipodomys,NA,NA,NA,
Dipodomys compactus,Metazoa,Mammalia,Rodentia,Heteromyidae,Dipodomys,Dipodomys compactus,0.04925,EltonTraits,
Dipodomys deserti,Metazoa,Mammalia,Rodentia,Heteromyidae,Dipodomys,Dipodomys deserti,0.1045,EltonTraits,
Dipodomys merriami,Metazoa,Mammalia,Rodentia,Heteromyidae,Dipodomys,Dipodomys merriami,0.04182,Tamburello_etal_2015,
Dipodomys microps,Metazoa,Mammalia,Rodentia,Heteromyidae,Dipodomys,Dipodomys microps,0.0546,EltonTraits,
Dipodomys venustus,Metazoa,Mammalia,Rodentia,Heteromyidae,Dipodomys,Dipodomys venustus,0.072,EltonTraits,
Echinostoma,Metazoa,Trematoda,Plagiorchiida,Echinostomatidae,Echinostoma,NA,NA,NA,
Echinostoma trivolvis,Metazoa,Trematoda,Plagiorchiida,Echinostomatidae,Echinostoma,Echinostoma trivolvis,#N/A,NA,*flatworms
Equus caballus,Metazoa,Mammalia,Perissodactyla,Equidae,Equus,Equus caballus,427.99629,tamburello_etal,
Eulipotyphla,Metazoa,Mammalia,Eulipotyphla,NA,NA,NA,NA,NA,
Falcipennis canadensis,Metazoa,Aves,Galliformes,Phasianidae,Falcipennis,Falcipennis canadensis,0.456,Zammuto_1986,
Felidae,Metazoa,Mammalia,Carnivora,Felidae,NA,NA,NA,NA,
Felis catus,Metazoa,Mammalia,Carnivora,Felidae,Felis,Felis catus,2.8848,EltonTraits,
Felis silvestris,Metazoa,Mammalia,Carnivora,Felidae,Felis,Felis silvestris,4.7,Gittleman and Harvey (1982),
Fulica americana,Metazoa,Aves,Gruiformes,Rallidae,Fulica,Fulica americana,0.63674,EltonTraits,
Gallus gallus,Metazoa,Aves,Galliformes,Phasianidae,Gallus,Gallus gallus,0.75172,EltonTraits,
Geomyidae,Metazoa,Mammalia,Rodentia,Geomyidae,NA,NA,NA,NA,
Geomys breviceps,Metazoa,Mammalia,Rodentia,Geomyidae,Geomys,Geomys breviceps,0.13647,EltonTraits,
Geomys pinetis,Metazoa,Mammalia,Rodentia,Geomyidae,Geomys,Geomys pinetis,0.085,EltonTraits,
Glaucomys sabrinus,Metazoa,Mammalia,Rodentia,Sciuridae,Glaucomys,Glaucomys sabrinus,0.14884,Tamburello_etal_2015,
Gopherus agassizii,Metazoa,NA,Testudines,Testudinidae,Gopherus,Gopherus agassizii,2,Tamburello_etal,
Halichoerus grypus,Metazoa,Mammalia,Carnivora,Phocidae,Halichoerus,Halichoerus grypus,157.667,EltonTraits,
Heloderma suspectum,Metazoa,Lepidosauria,Squamata,Helodermatidae,Heloderma,Heloderma suspectum,0.000977237,RepTraits,
Heteromyidae,Metazoa,Mammalia,Rodentia,Heteromyidae,NA,NA,NA,NA,
Ictidomys tridecemlineatus,Metazoa,Mammalia,Rodentia,Sciuridae,Ictidomys,Ictidomys tridecemlineatus,0.193,Harestad_ Bunnel_1979,
Lagomorpha,Metazoa,Mammalia,Lagomorpha,NA,NA,NA,NA,NA,
Lampropeltis triangulum,Metazoa,Lepidosauria,Squamata,Colubridae,Lampropeltis,Lampropeltis triangulum,0.165,Tamburello_etal_2015,
Lemmiscus curtatus,Metazoa,Mammalia,Rodentia,Cricetidae,Lemmiscus,Lemmiscus curtatus,0.02827,EltonTraits,
Leopardus pardalis,Metazoa,Mammalia,Carnivora,Felidae,Leopardus,Leopardus pardalis,9.98964,Tamburello_etal_2015,
Leporidae,Metazoa,Mammalia,Lagomorpha,Leporidae,NA,NA,NA,NA,
Lepus,Metazoa,Mammalia,Lagomorpha,Leporidae,Lepus,NA,NA,NA,
Lepus americanus,Metazoa,Mammalia,Lagomorpha,Leporidae,Lepus,Lepus americanus,1.36079,Tamburello_etal_2015,
Lepus californicus,Metazoa,Mammalia,Lagomorpha,Leporidae,Lepus,Lepus californicus,2.26798,Tamburello_etal_2015,
Liomys pictus,Metazoa,Mammalia,Rodentia,Heteromyidae,Heteromys,Heteromys pictus,0.04,EltonTraits,
Lontra canadensis,Metazoa,Mammalia,Carnivora,Mustelidae,Lontra,Lontra canadensis,6.225,Prugh_etal_2008,
Lynx rufus,Metazoa,Mammalia,Carnivora,Felidae,Lynx,Lynx rufus,11.33992,Tamburello_etal_2015,
Mareca strepera strepera,Metazoa,Aves,Anseriformes,Anatidae,Mareca,Mareca strepera,0.719,Tamburello_etal,
Marmota,Metazoa,Mammalia,Rodentia,Sciuridae,Marmota,NA,NA,NA,
Marmota caligata,Metazoa,Mammalia,Rodentia,Sciuridae,Marmota,Marmota caligata,7.23003,EltonTraits,
Marmota monax,Metazoa,Mammalia,Rodentia,Sciuridae,Marmota,Marmota monax,3.40197,Tamburello_etal_2015,
Marmota olympus,Metazoa,Mammalia,Rodentia,Sciuridae,Marmota,Marmota olympus,6.29999,EltonTraits,
Martes,Metazoa,Mammalia,Carnivora,Mustelidae,Martes,NA,NA,NA,
Martes americana,Metazoa,Mammalia,Carnivora,Mustelidae,Martes,Martes americana,0.88349,Tamburello_etal_2015,
Martes americana caurina,Metazoa,Mammalia,Carnivora,Mustelidae,Martes,Martes americana,0.88349,Tamburello_etal_2015,
Masticophis flagellum,Metazoa,Lepidosauria,Squamata,Colubridae,Masticophis,Masticophis flagellum,0.001326225,RepTraits,
Mazama temama,Metazoa,Mammalia,Artiodactyla,Cervidae,Mazama,Mazama temama,18.80987,EltonTraits,
Megalodiscus,Metazoa,Trematoda,Plagiorchiida,Paramphistomatidae,Megalodiscus,NA,NA,NA,
Meleagris gallopavo,Metazoa,Aves,Galliformes,Phasianidae,Meleagris,Meleagris gallopavo,6.023,Mace_Harvey_1983,
Meleagris gallopavo intermedia,Metazoa,Aves,Galliformes,Phasianidae,Meleagris,Meleagris gallopavo,6.023,Mace_Harvey_1983,
Mephitidae,Metazoa,Mammalia,Carnivora,Mephitidae,NA,NA,NA,NA,
Metazoa,Metazoa,NA,NA,NA,NA,NA,NA,NA,
Microtus,Metazoa,Mammalia,Rodentia,Cricetidae,Microtus,NA,NA,NA,
Microtus californicus,Metazoa,Mammalia,Rodentia,Cricetidae,Microtus,Microtus californicus,0.05742,EltonTraits,
Microtus montanus,Metazoa,Mammalia,Rodentia,Cricetidae,Microtus,Microtus montanus,0.0567,Tamburello_etal_2015,
Microtus pennsylvanicus,Metazoa,Mammalia,Rodentia,Cricetidae,Microtus,Microtus pennsylvanicus,0.04961,Tamburello_etal_2015,
Mirounga angustirostris,Metazoa,Mammalia,Carnivora,Phocidae,Mirounga,Mirounga angustirostris,750,EltonTraits,
Molothrus,Metazoa,Aves,Passeriformes,Icteridae,Molothrus,NA,NA,NA,
Muridae,Metazoa,Mammalia,Rodentia,Muridae,NA,NA,NA,NA,
Mus,Metazoa,Mammalia,Rodentia,Muridae,Mus,NA,NA,NA,
Mus musculus,Metazoa,Mammalia,Rodentia,Muridae,Mus,Mus musculus,0.014,Mace_Harvey_1983,
Mustela,Metazoa,Mammalia,Carnivora,Mustelidae,Mustela,NA,NA,NA,
Mustela frenata,Metazoa,Mammalia,Carnivora,Mustelidae,Mustela,Mustela frenata,0.165,Harestad_ Bunnel_1979,
Mustelidae,Metazoa,Mammalia,Carnivora,Mustelidae,NA,NA,NA,NA,
Nasua narica,Metazoa,Mammalia,Carnivora,Procyonidae,Nasua,Nasua narica,5,Gittleman and Harvey (1982),
Nasua nasua,Metazoa,Mammalia,Carnivora,Procyonidae,Nasua,Nasua nasua,3.79385,EltonTraits,
Neosciurus carolinensis,Metazoa,Mammalia,Rodentia,Sciuridae,Sciurus,Sciurus carolinensis,0.625,Mace_Harvey_1983,
Neotoma,Metazoa,Mammalia,Rodentia,Cricetidae,Neotoma,NA,NA,NA,
Neotoma floridana,Metazoa,Mammalia,Rodentia,Cricetidae,Neotoma,Neotoma floridana,0.24475,EltonTraits,
Neotoma lepida,Metazoa,Mammalia,Rodentia,Cricetidae,Neotoma,Neotoma lepida,0.16375,EltonTraits,
Neurotrichus gibbsii,Metazoa,Mammalia,Eulipotyphla,Talpidae,Neurotrichus,Neurotrichus gibbsii,0.0095,Harestad and Bunnel 1979,
Ochrotomys nuttalli,Metazoa,Mammalia,Rodentia,Cricetidae,Ochrotomys,Ochrotomys nuttalli,0.02237,EltonTraits,
Odocoileus,Metazoa,Mammalia,Artiodactyla,Cervidae,Odocoileus,NA,NA,NA,
Odocoileus hemionus,Metazoa,Mammalia,Artiodactyla,Cervidae,Odocoileus,Odocoileus hemionus,53.86417,Tamburello_etal_2015,
Odocoileus hemionus californicus,Metazoa,Mammalia,Artiodactyla,Cervidae,Odocoileus,Odocoileus hemionus,53.86417,Tamburello_etal_2015,
Odocoileus hemionus columbianus,Metazoa,Mammalia,Artiodactyla,Cervidae,Odocoileus,Odocoileus hemionus,53.86417,Tamburello_etal_2015,
Odocoileus virginianus,Metazoa,Mammalia,Artiodactyla,Cervidae,Odocoileus,Odocoileus virginianus,87.88404,Tamburello_etal_2015,
Oncorhynchus gorbuscha,Metazoa,Actinopteri,Salmoniformes,Salmonidae,Oncorhynchus,Oncorhynchus gorbuscha,3.74,EOL,
Ondatra zibethicus,Metazoa,Mammalia,Rodentia,Cricetidae,Ondatra,Ondatra zibethicus,1.36079,Tamburello_etal,
Onychomys arenicola,Metazoa,Mammalia,Rodentia,Cricetidae,Onychomys,Onychomys arenicola,0.03,EltonTraits,
Oreamnos americanus,Metazoa,Mammalia,Artiodactyla,Bovidae,Oreamnos,Oreamnos americanus,72.50033,EltonTraits,
Orthoptera,Metazoa,Insecta,Orthoptera,NA,NA,NA,NA,NA,
Oryctolagus cuniculus,Metazoa,Mammalia,Lagomorpha,Leporidae,Oryctolagus,Oryctolagus cuniculus,1.6,Tamburello_etal_2015,
Oryx,Metazoa,Mammalia,Artiodactyla,Bovidae,Oryx,NA,NA,NA,
Oryx gazella,Metazoa,Mammalia,Artiodactyla,Bovidae,Oryx,Oryx gazella,169.00128,EltonTraits,
Oryzomys melanotis,Metazoa,Mammalia,Rodentia,Cricetidae,Handleyomys,Handleyomys melanotis,0.05,EltonTraits,
Osgoodomys banderanus,Metazoa,Mammalia,Rodentia,Cricetidae,Osgoodomys,Osgoodomys banderanus,0.05,EltonTraits,
Otospermophilus beecheyi,Metazoa,Mammalia,Rodentia,Sciuridae,Otospermophilus,Otospermophilus beecheyi,0.72575,Tamburello_etal_2015,
Otospermophilus variegatus,Metazoa,Mammalia,Rodentia,Sciuridae,Otospermophilus,Otospermophilus variegatus,0.69164,EltonTraits,
Ovis,Metazoa,Mammalia,Artiodactyla,Bovidae,Ovis,NA,NA,NA,
Ovis ammon,Metazoa,Mammalia,Artiodactyla,Bovidae,Ovis,Ovis ammon,180,EltonTraits,
Ovis aries,Metazoa,Mammalia,Artiodactyla,Bovidae,Ovis,Ovis aries,50,EltonTraits,
Ovis canadensis,Metazoa,Mammalia,Artiodactyla,Bovidae,Ovis,Ovis canadensis,90.71936,Tamburello_etal_2015,
Ovis canadensis mexicana,Metazoa,Mammalia,Artiodactyla,Bovidae,Ovis,Ovis canadensis,90.71936,Tamburello_etal_2015,
Ovis canadensis nelsoni,Metazoa,Mammalia,Artiodactyla,Bovidae,Ovis,Ovis canadensis,90.71936,Tamburello_etal_2015,
Ovis dalli,Metazoa,Mammalia,Artiodactyla,Bovidae,Ovis,Ovis dalli,55.65062,EltonTraits,
Panthera onca,Metazoa,Mammalia,Carnivora,Felidae,Panthera,Panthera onca,84.04077,Tamburello_etal,
Parabuteo unicinctus,Metazoa,Aves,Accipitriformes,Accipitridae,Parabuteo,Parabuteo unicinctus,0.73,Makarieva_etal_2005,
Passerculus sandwichensis,Metazoa,Aves,Passeriformes,Passerellidae,Passerculus,Passerculus sandwichensis,0.02,Best_etal_1996,
Pecari tajacu,Metazoa,Mammalia,Artiodactyla,Tayassuidae,Dicotyles,Dicotyles tajacu,21.26669,EltonTraits,
Pelecanus occidentalis,Metazoa,Aves,Pelecaniformes,Pelecanidae,Pelecanus,Pelecanus occidentalis,3.42784,EltonTraits,
Perognathinae,Metazoa,Mammalia,Rodentia,Heteromyidae,NA,NA,NA,NA,
Perognathus fasciatus,Metazoa,Mammalia,Rodentia,Heteromyidae,Perognathus,Perognathus fasciatus,0.01155,EltonTraits,
Perognathus parvus,Metazoa,Mammalia,Rodentia,Heteromyidae,Perognathus,Perognathus parvus,0.02178,EltonTraits,
Peromyscus,Metazoa,Mammalia,Rodentia,Cricetidae,Peromyscus,NA,NA,NA,
Peromyscus aztecus,Metazoa,Mammalia,Rodentia,Cricetidae,Peromyscus,Peromyscus aztecus,0.04,EltonTraits,
Peromyscus boylii,Metazoa,Mammalia,Rodentia,Cricetidae,Peromyscus,Peromyscus boylii,0.02135,EltonTraits,
Peromyscus crinitus,Metazoa,Mammalia,Rodentia,Cricetidae,Peromyscus,Peromyscus crinitus,0.01798,EltonTraits,
Peromyscus gossypinus,Metazoa,Mammalia,Rodentia,Cricetidae,Peromyscus,Peromyscus gossypinus,0.02939,EltonTraits,
Peromyscus leucopus,Metazoa,Mammalia,Rodentia,Cricetidae,Peromyscus,Peromyscus leucopus,0.021,Hein_etal_2012,
Peromyscus maniculatus,Metazoa,Mammalia,Rodentia,Cricetidae,Peromyscus,Peromyscus maniculatus,0.016,Harestad_ Bunnel_1979,
Peromyscus perfulvus,Metazoa,Mammalia,Rodentia,Cricetidae,Peromyscus,Peromyscus perfulvus,0.04,EltonTraits,
Peromyscus polionotus,Metazoa,Mammalia,Rodentia,Cricetidae,Peromyscus,Peromyscus polionotus,0.01295,EltonTraits,
Phalacrocoracidae,Metazoa,Aves,Suliformes,Phalacrocoracidae,NA,NA,NA,NA,
Phasianidae,Metazoa,Aves,Galliformes,Phasianidae,NA,NA,NA,NA,
Phasianus,Metazoa,Aves,Galliformes,Phasianidae,Phasianus,NA,NA,NA,
Philander opossum,Metazoa,Mammalia,Didelphimorphia,Didelphidae,Philander,Philander opossum,0.5855,EltonTraits,
Phoca vitulina,Metazoa,Mammalia,Carnivora,Phocidae,Phoca,Phoca vitulina,100,EltonTraits,
Phocidae,Metazoa,Mammalia,Carnivora,Phocidae,NA,NA,NA,NA,
Phrynosoma cornutum,Metazoa,Lepidosauria,Squamata,Phrynosomatidae,Phrynosoma,Phrynosoma cornutum,0.055,Perry_Garland_2002,
Pituophis,Metazoa,Lepidosauria,Squamata,Colubridae,Pituophis,NA,NA,NA,
Pituophis catenifer,Metazoa,Lepidosauria,Squamata,Colubridae,Pituophis,Pituophis catenifer,0.001586314,RepTraits,
Pituophis melanoleucus,Metazoa,Lepidosauria,Squamata,Colubridae,Pituophis,Pituophis melanoleucus,1.004,Tamburello_etal_2015,
Procyon lotor,Metazoa,Mammalia,Carnivora,Procyonidae,Procyon,Procyon lotor,8,Swihart_etal_1988,
Procyonidae,Metazoa,Mammalia,Carnivora,Procyonidae,NA,NA,NA,NA,
Pseudacris regilla,Metazoa,Amphibia,Anura,Hylidae,Pseudacris,Pseudacris regilla,0.00035,"Stebbins, R. 2003. A Field Guide to Western Reptiles and Amphibians. Singapore: Houghton Mifflin Company.",
Pseudocorynosoma constrictum,Metazoa,Palaeacanthocephala,Polymorphida,Polymorphidae,Pseudocorynosoma,Pseudocorynosoma constrictum,#N/A,NA,*parasite
Puma concolor,Metazoa,Mammalia,Carnivora,Felidae,Puma,Puma concolor,89.99948,Tamburello_etal_2015,
Rallidae,Metazoa,Aves,Gruiformes,Rallidae,NA,NA,NA,NA,
Rana draytonii,Metazoa,Amphibia,Anura,Ranidae,Rana,Rana draytonii,0.032,NA,"Gary M. Fellers, Patrick M. Kleeman 2007. California Red-Legged Frog (Rana draytonii) Movement and Habitat Use: Implications for Conservation"
Rangifer tarandus,Metazoa,Mammalia,Artiodactyla,Cervidae,Rangifer,Rangifer tarandus,102.05869,Tamburello_etal_2015,
Rattus norvegicus,Metazoa,Mammalia,Rodentia,Muridae,Rattus,Rattus norvegicus,0.33833,EltonTraits,
Reithrodontomys fulvescens,Metazoa,Mammalia,Rodentia,Cricetidae,Reithrodontomys,Reithrodontomys fulvescens,0.0114,EltonTraits,
Reithrodontomys humulis,Metazoa,Mammalia,Rodentia,Cricetidae,Reithrodontomys,Reithrodontomys humulis,0.00831,EltonTraits,
Reithrodontomys megalotis,Metazoa,Mammalia,Rodentia,Cricetidae,Reithrodontomys,Reithrodontomys megalotis,0.009,Mace_Harvey_1983,
Rena humilis,Metazoa,Lepidosauria,Squamata,Leptotyphlopidae,Rena,Rena humilis,1.08788E-05,RepTraits,
Reptilia,Metazoa,Lepidosauria,NA,NA,NA,NA,NA,NA,
Ribeiroia ondatrae,Metazoa,Trematoda,Plagiorchiida,Echinostomatidae,Ribeiroia,Ribeiroia ondatrae,#N/A,NA,*flatworms
Rodentia,Metazoa,Mammalia,Rodentia,NA,NA,NA,NA,NA,
Romerolagus diazi,Metazoa,Mammalia,Lagomorpha,Leporidae,Romerolagus,Romerolagus diazi,0.47665,EltonTraits,
Salmonidae,Metazoa,Actinopteri,Salmoniformes,Salmonidae,NA,NA,NA,NA,
Sauromalus ater,Metazoa,Lepidosauria,Squamata,Iguanidae,Sauromalus,Sauromalus ater,0.000524807,RepTraits,
Scalopus aquaticus,Metazoa,Mammalia,Eulipotyphla,Talpidae,Scalopus,Scalopus aquaticus,0.1035,Tamburello_etal_2015,
Scapanus latimanus,Metazoa,Mammalia,Eulipotyphla,Talpidae,Scapanus,Scapanus latimanus,0.055,EltonTraits,
Scatophagidae,Metazoa,Actinopteri,NA,Scatophagidae,NA,NA,NA,NA,
Sciuridae,Metazoa,Mammalia,Rodentia,Sciuridae,NA,NA,NA,NA,
Sciurus carolinensis,Metazoa,Mammalia,Rodentia,Sciuridae,Sciurus,Sciurus carolinensis,0.625,Mace_Harvey_1983,
Sciurus griseus,Metazoa,Mammalia,Rodentia,Sciuridae,Hesperosciurus,Hesperosciurus griseus,0.731,EltonTraits,
Sciurus niger,Metazoa,Mammalia,Rodentia,Sciuridae,Sciurus,Sciurus niger,0.95299,Tamburello_etal_2015,
Scorpiones,Metazoa,Arachnida,Scorpiones,NA,NA,NA,NA,NA,
Serpentes,Metazoa,Lepidosauria,Squamata,NA,NA,NA,NA,NA,
Sigmodon,Metazoa,Mammalia,Rodentia,Cricetidae,Sigmodon,NA,NA,NA,
Sigmodon fulviventer,Metazoa,Mammalia,Rodentia,Cricetidae,Sigmodon,Sigmodon fulviventer,0.214,EltonTraits,
Sigmodon hispidus,Metazoa,Mammalia,Rodentia,Cricetidae,Sigmodon,Sigmodon hispidus,0.08,Mace_Harvey_1983,
Sigmodon mascotensis,Metazoa,Mammalia,Rodentia,Cricetidae,Sigmodon,Sigmodon mascotensis,0.12,EltonTraits,
Sonora occipitalis,Metazoa,Lepidosauria,Squamata,Colubridae,Sonora,Sonora occipitalis,1.39153E-05,RepTraits,
Sorex,Metazoa,Mammalia,Eulipotyphla,Soricidae,Sorex,NA,NA,NA,
Sorex cinereus,Metazoa,Mammalia,Eulipotyphla,Soricidae,Sorex,Sorex cinereus,0.00417,Tamburello_etal_2015,
Soricidae,Metazoa,Mammalia,Eulipotyphla,Soricidae,NA,NA,NA,NA,
Spermophilus,Metazoa,Mammalia,Rodentia,Sciuridae,Spermophilus,NA,NA,NA,
Stenopelmatidae,Metazoa,Insecta,Orthoptera,Stenopelmatidae,NA,NA,NA,NA,
Suidae,Metazoa,Mammalia,Artiodactyla,Suidae,NA,NA,NA,NA,
Sus,Metazoa,Mammalia,Artiodactyla,Suidae,Sus,NA,NA,NA,
Sus scrofa,Metazoa,Mammalia,Artiodactyla,Suidae,Sus,Sus scrofa,96.11809,EltonTraits,
Sylvilagus,Metazoa,Mammalia,Lagomorpha,Leporidae,Sylvilagus,NA,NA,NA,
Sylvilagus aquaticus,Metazoa,Mammalia,Lagomorpha,Leporidae,Sylvilagus,Sylvilagus aquaticus,2.198,Harestad and Bunnel 1979,
Sylvilagus audubonii,Metazoa,Mammalia,Lagomorpha,Leporidae,Sylvilagus,Sylvilagus audubonii,0.88963,EltonTraits,
Sylvilagus bachmani,Metazoa,Mammalia,Lagomorpha,Leporidae,Sylvilagus,Sylvilagus bachmani,0.695,Harestad_ Bunnel_1979,
Sylvilagus cunicularius,Metazoa,Mammalia,Lagomorpha,Leporidae,Sylvilagus,Sylvilagus cunicularius,2.99999,EltonTraits,
Sylvilagus dicei,Metazoa,Mammalia,Lagomorpha,Leporidae,Sylvilagus,Sylvilagus dicei,1.34335,EltonTraits,
Sylvilagus floridanus,Metazoa,Mammalia,Lagomorpha,Leporidae,Sylvilagus,Sylvilagus floridanus,1.36079,Tamburello_etal_2015,
Sylvilagus nuttallii,Metazoa,Mammalia,Lagomorpha,Leporidae,Sylvilagus,Sylvilagus nuttallii,0.75509,EltonTraits,
Talpidae,Metazoa,Mammalia,Eulipotyphla,Talpidae,NA,NA,NA,NA,
Tamandua mexicana,Metazoa,Mammalia,Pilosa,Myrmecophagidae,Tamandua,Tamandua mexicana,4.20998,EltonTraits,
Tamias,Metazoa,Mammalia,Rodentia,Sciuridae,Tamias,NA,NA,NA,
Tamias alpinus,Metazoa,Mammalia,Rodentia,Sciuridae,Tamias,Neotamias alpinus,0.03655,EltonTraits,
Tamias dorsalis,Metazoa,Mammalia,Rodentia,Sciuridae,Tamias,Tamias dorsalis,0.0711,EltonTraits,
Tamias merriami,Metazoa,Mammalia,Rodentia,Sciuridae,Tamias,Tamias merriami,0.0748,EltonTraits,
Tamias minimus,Metazoa,Mammalia,Rodentia,Sciuridae,Tamias,Tamias minimus,0.045,Swihart_etal_1988,
Tamias striatus,Metazoa,Mammalia,Rodentia,Sciuridae,Tamias,Tamias striatus,0.085,Harestad_ Bunnel_1979,
Tamiasciurus hudsonicus,Metazoa,Mammalia,Rodentia,Sciuridae,Tamiasciurus,Tamiasciurus hudsonicus,0.22396,Tamburello_etal_2015,
Tapirus bairdii,Metazoa,Mammalia,Perissodactyla,Tapiridae,Tapirus,Tapirus bairdii,299.99913,EltonTraits,
Taricha torosa,Metazoa,Amphibia,Caudata,Salamandridae,Taricha,Taricha torosa,0.0097,"Henry J. Harlow 1977. Seasonal Oxygen Metabolism and Cutaneous Osmoregulation in the California Newt, Taricha Torosa",
Taxidea taxus,Metazoa,Mammalia,Carnivora,Mustelidae,Taxidea,Taxidea taxus,8.61827,Tamburello_etal_2015,
Tayassuidae,Metazoa,Mammalia,Artiodactyla,Tayassuidae,NA,NA,NA,NA,
Testudines,Metazoa,NA,Testudines,NA,NA,NA,NA,NA,
Tetraoninae,Metazoa,Aves,Galliformes,Phasianidae,NA,NA,NA,NA,
Thamnophis atratus,Metazoa,Lepidosauria,Squamata,Colubridae,Thamnophis,Thamnophis atratus,0.000354858,RepTraits,
Thomomys bottae,Metazoa,Mammalia,Rodentia,Geomyidae,Thomomys,Thomomys bottae,0.16018,Tamburello_etal_2015,
Thomomys mazama,Metazoa,Mammalia,Rodentia,Geomyidae,Thomomys,Thomomys mazama,0.075,EltonTraits,
Thomomys townsendii,Metazoa,Mammalia,Rodentia,Geomyidae,Thomomys,Thomomys townsendii,0.26335,EltonTraits,
Urocitellus armatus,Metazoa,Mammalia,Rodentia,Sciuridae,Urocitellus,Urocitellus armatus,0.313,EltonTraits,
Urocitellus columbianus,Metazoa,Mammalia,Rodentia,Sciuridae,Urocitellus,Urocitellus columbianus,0.57834,Tamburello_etal_2015,
Urocitellus townsendii,Metazoa,Mammalia,Rodentia,Sciuridae,Urocitellus,Urocitellus townsendii,0.213,EltonTraits,
Urocitellus washingtoni,Metazoa,Mammalia,Rodentia,Sciuridae,Urocitellus,Urocitellus washingtoni,0.2075,EltonTraits,
Urocyon cinereoargenteus,Metazoa,Mammalia,Carnivora,Canidae,Urocyon,Urocyon cinereoargenteus,3.834,EOL,
Ursus americanus,Metazoa,Mammalia,Carnivora,Ursidae,Ursus,Ursus americanus,100,Hein_etal_2012,
Vulpes macrotis,Metazoa,Mammalia,Carnivora,Canidae,Vulpes,Vulpes macrotis,4.49997,EltonTraits,
Vulpes macrotis mutica,Metazoa,Mammalia,Carnivora,Canidae,Vulpes,Vulpes macrotis,4.49997,EltonTraits,
Vulpes velox,Metazoa,Mammalia,Carnivora,Canidae,Vulpes,Vulpes velox,2.0893,Tamburello_etal_2015,
Vulpes vulpes,Metazoa,Mammalia,Carnivora,Canidae,Vulpes,Vulpes vulpes,4.1,Gittleman_Harvey_1982,
Xerospermophilus mohavensis,Metazoa,Mammalia,Rodentia,Sciuridae,Xerospermophilus,Xerospermophilus mohavensis,0.19,EltonTraits,
Xerospermophilus tereticaudus,Metazoa,Mammalia,Rodentia,Sciuridae,Xerospermophilus,Xerospermophilus tereticaudus,0.1565,EltonTraits,
Zalophus californianus,Metazoa,Mammalia,Carnivora,Otariidae,Zalophus,Zalophus californianus,80,EltonTraits,
Zapus hudsonius,Metazoa,Mammalia,Rodentia,Dipodidae,Zapus,Zapus hudsonius,0.022,Mace_Harvey_1983,
Zenaida asiatica,Metazoa,Aves,Columbiformes,Columbidae,Zenaida,Zenaida asiatica,0.153,EltonTraits,
Acrididae,Metazoa,Insecta,Orthoptera,Acrididae,NA,NA,NA,NA,
Alcelaphus buselaphus,Metazoa,Mammalia,Artiodactyla,Bovidae,Alcelaphus,Alcelaphus buselaphus,171.00153,EltonTraits,
Antidorcas marsupialis,Metazoa,Mammalia,Artiodactyla,Bovidae,Antidorcas,Antidorcas marsupialis,32,Hein_Gillooly_2011,
Aphidoidea,Metazoa,Insecta,Hemiptera,NA,NA,NA,NA,NA,
Bathyergidae,Metazoa,Mammalia,Rodentia,Bathyergidae,NA,NA,NA,NA,
Bovidae,Metazoa,Mammalia,Artiodactyla,Bovidae,NA,NA,NA,NA,
Capra hircus aegagrus,Metazoa,Mammalia,Artiodactyla,Bovidae,Capra,Capra aegagrus,54.25,EltonTraits,
Caracal caracal,Metazoa,Mammalia,Carnivora,Felidae,Caracal,Caracal caracal,12.9999,Tamburello_etal_2015,
Cephalophus,Metazoa,Mammalia,Artiodactyla,Bovidae,Cephalophus,NA,NA,NA,
Connochaetes gnou,Metazoa,Mammalia,Artiodactyla,Bovidae,Connochaetes,Connochaetes gnou,179.99896,EltonTraits,
Connochaetes taurinus,Metazoa,Mammalia,Artiodactyla,Bovidae,Connochaetes,Connochaetes taurinus,140,Hein_etal_2012,
Cryptomys hottentotus,Metazoa,Mammalia,Rodentia,Bathyergidae,Cryptomys,Cryptomys hottentotus,0.10195,EltonTraits,
Cynictis penicillata,Metazoa,Mammalia,Carnivora,Herpestidae,Cynictis,Cynictis penicillata,0.62,Tamburello_etal,
Damaliscus lunatus,Metazoa,Mammalia,Artiodactyla,Bovidae,Damaliscus,Damaliscus lunatus,136.00034,EltonTraits,
Damaliscus pygargus,Metazoa,Mammalia,Artiodactyla,Bovidae,Damaliscus,Damaliscus pygargus,102,EltonTraits,
Dasymys incomtus,Metazoa,Mammalia,Rodentia,Muridae,Dasymys,Dasymys incomtus,0.1383,EltonTraits,
Dendromus melanotis,Metazoa,Mammalia,Rodentia,Nesomyidae,Dendromus,Dendromus melanotis,0.00906,EltonTraits,
Equus,Metazoa,Mammalia,Perissodactyla,Equidae,Equus,NA,NA,NA,
Equus asinus,Metazoa,Mammalia,Perissodactyla,Equidae,Equus,Equus asinus,244.99925,EltonTraits,
Equus quagga,Metazoa,Mammalia,Perissodactyla,Equidae,Equus,Equus quagga,400,EltonTraits,
Eudorcas thomsonii,Metazoa,Mammalia,Artiodactyla,Bovidae,Eudorcas,Eudorcas thomsonii,22.90743,EltonTraits,
Gerbilliscus brantsii,Metazoa,Mammalia,Rodentia,Muridae,Gerbilliscus,Gerbilliscus brantsii,0.08941,EltonTraits,
Giraffa camelopardalis,Metazoa,Mammalia,Artiodactyla,Giraffidae,Giraffa,Giraffa camelopardalis,899.9948,EltonTraits,
Hyracoidea,Metazoa,Mammalia,Hyracoidea,NA,NA,NA,NA,NA,
Hystrix africaeaustralis,Metazoa,Mammalia,Rodentia,Hystricidae,Hystrix,Hystrix africaeaustralis,14.93602,EltonTraits,
Ictonyx striatus,Metazoa,Mammalia,Carnivora,Mustelidae,Ictonyx,Ictonyx striatus,1.29999,EltonTraits,
Kobus ellipsiprymnus,Metazoa,Mammalia,Artiodactyla,Bovidae,Kobus,Kobus ellipsiprymnus,210.00034,EltonTraits,
Lepus capensis,Metazoa,Mammalia,Lagomorpha,Leporidae,Lepus,Lepus capensis,3.26167,EltonTraits,
Madoqua kirkii,Metazoa,Mammalia,Artiodactyla,Bovidae,Madoqua,Madoqua kirkii,5.30005,EltonTraits,
Mastomys natalensis,Metazoa,Mammalia,Rodentia,Muridae,Mastomys,Mastomys natalensis,0.05454,EltonTraits,
Micaelamys namaquensis,Metazoa,Mammalia,Rodentia,Muridae,Micaelamys,Micaelamys namaquensis,0.0571,EltonTraits,
Mus minutoides,Metazoa,Mammalia,Rodentia,Muridae,Mus,Mus minutoides,0.00701,EltonTraits,
Myosorex varius,Metazoa,Mammalia,Eulipotyphla,Soricidae,Myosorex,Myosorex varius,0.0132,EltonTraits,
Oreotragus oreotragus,Metazoa,Mammalia,Artiodactyla,Bovidae,Oreotragus,Oreotragus oreotragus,12.9999,EltonTraits,
Orycteropus afer,Metazoa,Mammalia,Tubulidentata,Orycteropodidae,Orycteropus,Orycteropus afer,52.3504,EltonTraits,
Otocyon megalotis,Metazoa,Mammalia,Carnivora,Canidae,Otocyon,Otocyon megalotis,4.15002,EltonTraits,
Otomys irroratus,Metazoa,Mammalia,Rodentia,Muridae,Otomys,Otomys irroratus,0.11802,EltonTraits,
Ourebia ourebi,Metazoa,Mammalia,Artiodactyla,Bovidae,Ourebia,Ourebia ourebi,17.25004,EltonTraits,
Papio ursinus,Metazoa,Mammalia,Primates,Cercopithecidae,Papio,Papio ursinus,17.72944,EltonTraits,
Pedetes,Metazoa,Mammalia,Rodentia,Pedetidae,Pedetes,NA,NA,NA,
Pedetes capensis,Metazoa,Mammalia,Rodentia,Pedetidae,Pedetes,Pedetes capensis,3.155,EltonTraits,
Phacochoerus,Metazoa,Mammalia,Artiodactyla,Suidae,Phacochoerus,NA,NA,NA,
Phacochoerus africanus,Metazoa,Mammalia,Artiodactyla,Suidae,Phacochoerus,Phacochoerus africanus,82.5,EltonTraits,
Primates,Metazoa,Mammalia,Primates,NA,NA,NA,NA,NA,
Procavia capensis,Metazoa,Mammalia,Hyracoidea,Procaviidae,Procavia,Procavia capensis,3.02998,EltonTraits,
Raphicerus campestris,Metazoa,Mammalia,Artiodactyla,Bovidae,Raphicerus,Raphicerus campestris,10.50002,EltonTraits,
Rattus rattus,Metazoa,Mammalia,Rodentia,Muridae,Rattus,Rattus rattus,0.22913,EltonTraits,
Redunca arundinum,Metazoa,Mammalia,Artiodactyla,Bovidae,Redunca,Redunca arundinum,58.00027,EltonTraits,
Redunca fulvorufula,Metazoa,Mammalia,Artiodactyla,Bovidae,Redunca,Redunca fulvorufula,29.49986,EltonTraits,
Rhabdomys pumilio,Metazoa,Mammalia,Rodentia,Muridae,Rhabdomys,Rhabdomys pumilio,0.04112,EltonTraits,
Suricata suricatta,Metazoa,Mammalia,Carnivora,Herpestidae,Suricata,Suricata suricatta,0.7255,EltonTraits,
Sylvicapra grimmia,Metazoa,Mammalia,Artiodactyla,Bovidae,Sylvicapra,Sylvicapra grimmia,19.49979,EltonTraits,
Syncerus caffer,Metazoa,Mammalia,Artiodactyla,Bovidae,Syncerus,Syncerus caffer,580.00268,EltonTraits,
Tragelaphus angasii,Metazoa,Mammalia,Artiodactyla,Bovidae,Tragelaphus,Tragelaphus angasii,86.60042,EltonTraits,
Tragelaphus oryx,Metazoa,Mammalia,Artiodactyla,Bovidae,Tragelaphus,Tragelaphus oryx,635.03842,Tamburello_etal_2015,
Tragelaphus scriptus sylvaticus,Metazoa,Mammalia,Artiodactyla,Bovidae,Tragelaphus,Tragelaphus scriptus,43.25039,EltonTraits,
Tragelaphus strepsiceros,Metazoa,Mammalia,Artiodactyla,Bovidae,Tragelaphus,Tragelaphus strepsiceros,213.50104,EltonTraits,
Vespidae,Metazoa,Insecta,Hymenoptera,Vespidae,NA,NA,NA,NA,
Vulpes chama,Metazoa,Mammalia,Carnivora,Canidae,Vulpes,Vulpes chama,2.95502,EltonTraits,
Xerus inauris,Metazoa,Mammalia,Rodentia,Sciuridae,Xerus,Xerus inauris,0.529,EltonTraits,
Canis latrans,Metazoa,Mammalia,Carnivora,Canidae,Canis,Canis latrans,14.06,Jenkins_etal_2007,
Arvicanthis,Metazoa,Mammalia,Rodentia,Muridae,Arvicanthis,NA,NA,NA,
Arvicanthis abyssinicus,Metazoa,Mammalia,Rodentia,Muridae,Arvicanthis,Arvicanthis abyssinicus,0.0771,EltonTraits,
Arvicanthis blicki,Metazoa,Mammalia,Rodentia,Muridae,Arvicanthis,Arvicanthis blicki,0.128,EltonTraits,
Dendromus lovati,Metazoa,Mammalia,Rodentia,Nesomyidae,Dendromus,Dendromus lovati,0.012,EltonTraits,
Lepus starcki,Metazoa,Mammalia,Lagomorpha,Leporidae,Lepus,Lepus starcki,2.75,EltonTraits,
Lophuromys,Metazoa,Mammalia,Rodentia,Muridae,Lophuromys,NA,NA,NA,
Lophuromys flavopunctatus,Metazoa,Mammalia,Rodentia,Muridae,Lophuromys,Lophuromys flavopunctatus,0.06,EltonTraits,
Malacothrix,Metazoa,Mammalia,Rodentia,Nesomyidae,Malacothrix,NA,NA,NA,
Otomys typus,Metazoa,Mammalia,Rodentia,Muridae,Otomys,Otomys typus,0.11544,EltonTraits,
Spalax giganteus,Metazoa,Mammalia,Rodentia,Spalacidae,Spalax,Spalax giganteus,0.30196,EltonTraits,
Stenocephalemys albipes,Metazoa,Mammalia,Rodentia,Muridae,Stenocephalemys,Stenocephalemys albipes,0.05281,EltonTraits,
Stenocephalemys albocaudata,Metazoa,Mammalia,Rodentia,Muridae,Stenocephalemys,Stenocephalemys albocaudata,0.144,EltonTraits,
Stenocephalemys griseicauda,Metazoa,Mammalia,Rodentia,Muridae,Stenocephalemys,Stenocephalemys griseicauda,0.08575,EltonTraits,
Tachyoryctes,Metazoa,Mammalia,Rodentia,Spalacidae,Tachyoryctes,NA,NA,NA,
Tachyoryctes macrocephalus,Metazoa,Mammalia,Rodentia,Spalacidae,Tachyoryctes,Tachyoryctes macrocephalus,0.59699,EltonTraits,
Tachyoryctes splendens,Metazoa,Mammalia,Rodentia,Spalacidae,Tachyoryctes,Tachyoryctes splendens,0.21225,EltonTraits,
Alces americanus,Metazoa,Mammalia,Artiodactyla,Cervidae,Alces,Alces americanus,541.46044,EltonTraits,
Apodiformes,Metazoa,Aves,Apodiformes,NA,NA,NA,NA,NA,
Bonasa,Metazoa,Aves,Galliformes,Phasianidae,Bonasa,NA,NA,NA,
Dipodomys californicus,Metazoa,Mammalia,Rodentia,Heteromyidae,Dipodomys,Dipodomys californicus,0.08496,EltonTraits,
Equus hemionus,Metazoa,Mammalia,Perissodactyla,Equidae,Equus,Equus hemionus,240,EltonTraits,
Erethizontidae,Metazoa,Mammalia,Rodentia,Erethizontidae,NA,NA,NA,NA,
Myodes gapperi,Metazoa,Mammalia,Rodentia,Cricetidae,Clethrionomys,Clethrionomys gapperi,0.01983,EltonTraits,
Nematoda,Metazoa,NA,NA,NA,NA,NA,NA,NA,
Ondatra,Metazoa,Mammalia,Rodentia,Cricetidae,Ondatra,NA,NA,NA,
Onychomys,Metazoa,Mammalia,Rodentia,Cricetidae,Onychomys,NA,NA,NA,
Perognathus,Metazoa,Mammalia,Rodentia,Heteromyidae,Perognathus,NA,NA,NA,
Phasianus colchicus,Metazoa,Aves,Galliformes,Phasianidae,Phasianus,Phasianus colchicus,1.136,Mace_Harvey_1983,
Reithrodontomys,Metazoa,Mammalia,Rodentia,Cricetidae,Reithrodontomys,NA,NA,NA,
Ailuropoda,Metazoa,Mammalia,Carnivora,Ursidae,Ailuropoda,NA,NA,NA,
Arctonyx collaris,Metazoa,Mammalia,Carnivora,Mustelidae,Arctonyx,Arctonyx collaris,6.356,EltonTraits,
Atherurus macrourus,Metazoa,Mammalia,Rodentia,Hystricidae,Atherurus,Atherurus macrourus,2,EltonTraits,
Axis axis,Metazoa,Mammalia,Artiodactyla,Cervidae,Axis,Axis axis,67.28185,EltonTraits,
Axis porcinus,Metazoa,Mammalia,Artiodactyla,Cervidae,Axis,Axis porcinus,34.4185,EltonTraits,
Bos frontalis,Metazoa,Mammalia,Artiodactyla,Bovidae,Bos,Bos frontalis,800,EltonTraits,
Bos gaurus,Metazoa,Mammalia,Artiodactyla,Bovidae,Bos,Bos gaurus,1100,"Ogilvie, C. S. (1953). ""The behaviour of seladang (Bos gaurus)"". Oryx. 2 (3): 167¡V169.",
Bos grunniens mutus,Metazoa,Mammalia,Artiodactyla,Bovidae,Bos,Bos mutus,416.5,EltonTraits,
Bos javanicus,Metazoa,Mammalia,Artiodactyla,Bovidae,Bos,Bos javanicus,625,EltonTraits,
Boselaphus,Metazoa,Mammalia,Artiodactyla,Bovidae,Boselaphus,NA,NA,NA,
Capreolus pygargus,Metazoa,Mammalia,Artiodactyla,Cervidae,Capreolus,Capreolus pygargus,40,Hein_etal_2012,
Capricornis milneedwardsii,Metazoa,Mammalia,Artiodactyla,Bovidae,Capricornis,Capricornis milneedwardsii,69.09352,EltonTraits,
Capricornis sumatraensis,Metazoa,Mammalia,Artiodactyla,Bovidae,Capricornis,Capricornis sumatraensis,110.94222,EltonTraits,
Cervus,Metazoa,Mammalia,Artiodactyla,Cervidae,Cervus,NA,NA,NA,
Cuon alpinus,Metazoa,Mammalia,Carnivora,Canidae,Cuon,Cuon alpinus,14.17333,EltonTraits,
Elaphodus cephalophus,Metazoa,Mammalia,Artiodactyla,Cervidae,Elaphodus,Elaphodus cephalophus,33.5,EltonTraits,
Gallus,Metazoa,Aves,Galliformes,Phasianidae,Gallus,NA,NA,NA,
Gazella bennettii,Metazoa,Mammalia,Artiodactyla,Bovidae,Gazella,Gazella bennettii,18.91667,EltonTraits,
Hemitragus hylocrius,Metazoa,Mammalia,Artiodactyla,Bovidae,Nilgiritragus,Nilgiritragus hylocrius,75,EltonTraits,
Hemitragus jemlahicus,Metazoa,Mammalia,Artiodactyla,Bovidae,Hemitragus,Hemitragus jemlahicus,35.2,EltonTraits,
Herpestes edwardsi,Metazoa,Mammalia,Carnivora,Herpestidae,Herpestes,Herpestes edwardsi,1.30467,EltonTraits,
Herpestidae,Metazoa,Mammalia,Carnivora,Herpestidae,NA,NA,NA,NA,
Hystrix indica,Metazoa,Mammalia,Rodentia,Hystricidae,Hystrix,Hystrix indica,12.43583,EltonTraits,
Lepus nigricollis,Metazoa,Mammalia,Lagomorpha,Leporidae,Lepus,Lepus nigricollis,2.2985,EltonTraits,
Moschiola indica,Metazoa,Mammalia,Artiodactyla,Tragulidae,Moschiola,Moschiola indica,2.93814,EltonTraits,
Moschiola meminna,Metazoa,Mammalia,Artiodactyla,Tragulidae,Moschiola,Moschiola meminna,2.93814,EltonTraits,
Moschus,Metazoa,Mammalia,Artiodactyla,Moschidae,Moschus,NA,NA,NA,
Muntiacus,Metazoa,Mammalia,Artiodactyla,Cervidae,Muntiacus,NA,NA,NA,
Muntiacus muntjak,Metazoa,Mammalia,Artiodactyla,Cervidae,Muntiacus,Muntiacus muntjak,15.92579,EltonTraits,
Muntiacus muntjak vaginalis,Metazoa,Mammalia,Artiodactyla,Cervidae,Muntiacus,Muntiacus vaginalis,15.92579,EltonTraits,
Muntiacus vaginalis,Metazoa,Mammalia,Artiodactyla,Cervidae,Muntiacus,Muntiacus vaginalis,15.92579,EltonTraits,
Muntiacus vuquangensis,Metazoa,Mammalia,Artiodactyla,Cervidae,Muntiacus,Muntiacus vuquangensis,36.69082,EltonTraits,
Naemorhedus goral,Metazoa,Mammalia,Artiodactyla,Bovidae,Naemorhedus,Naemorhedus goral,28.5,EltonTraits,
Nilgiritragus hylocrius,Metazoa,Mammalia,Artiodactyla,Bovidae,Nilgiritragus,Nilgiritragus hylocrius,75,EltonTraits,
Ochotona roylii,Metazoa,Mammalia,Lagomorpha,Ochotonidae,Ochotona,Ochotona roylei,0.26,EltonTraits,
Paradoxurus jerdoni,Metazoa,Mammalia,Carnivora,Viverridae,Paradoxurus,Paradoxurus jerdoni,2.78075,EltonTraits,
Pseudois nayaur,Metazoa,Mammalia,Artiodactyla,Bovidae,Pseudois,Pseudois nayaur,45,EltonTraits,
Rhinopithecus,Metazoa,Mammalia,Primates,Cercopithecidae,Rhinopithecus,NA,NA,NA,
Rucervus eldii,Metazoa,Mammalia,Artiodactyla,Cervidae,Rucervus,Rucervus eldii,95.47161,EltonTraits,
Rusa unicolor,Metazoa,Mammalia,Artiodactyla,Cervidae,Rusa,Rusa unicolor,177.5229,EltonTraits,
Rusa unicolor cambojensis,Metazoa,Mammalia,Artiodactyla,Cervidae,Rusa,Rusa unicolor,177.5229,EltonTraits,
Semnopithecus,Metazoa,Mammalia,Primates,Cercopithecidae,Semnopithecus,NA,NA,NA,
Semnopithecus entellus,Metazoa,Mammalia,Primates,Cercopithecidae,Semnopithecus,Semnopithecus entellus,11.52983,EltonTraits,
Tetracerus quadricornis,Metazoa,Mammalia,Artiodactyla,Bovidae,Tetracerus,Tetracerus quadricornis,19,EltonTraits,
Trachypithecus geei,Metazoa,Mammalia,Primates,Cercopithecidae,Trachypithecus,Trachypithecus geei,8.35,EltonTraits,
Tragulidae,Metazoa,Mammalia,Artiodactyla,Tragulidae,NA,NA,NA,NA,
Ursus thibetanus,Metazoa,Mammalia,Carnivora,Ursidae,Ursus,Ursus thibetanus,77.5,EltonTraits,
Viverricula indica,Metazoa,Mammalia,Carnivora,Viverridae,Viverricula,Viverricula indica,2.90843,EltonTraits,
Viverridae,Metazoa,Mammalia,Carnivora,Viverridae,NA,NA,NA,NA,
axis,Metazoa,Mammalia,Artiodactyla,Cervidae,Axis,NA,NA,NA,
Aepyceros melampus melampus,Metazoa,Mammalia,Artiodactyla,Bovidae,Aepyceros,Aepyceros melampus,63.50384,Tamburello_etal_2015,
Alcelaphus buselaphus cokii,Metazoa,Mammalia,Artiodactyla,Bovidae,Alcelaphus,Alcelaphus buselaphus,171.00153,EltonTraits,
Beatragus hunteri,Metazoa,Mammalia,Artiodactyla,Bovidae,Beatragus,Beatragus hunteri,79.13217,EltonTraits,
Cephalophus natalensis,Metazoa,Mammalia,Artiodactyla,Bovidae,Cephalophorus,Cephalophorus natalensis,11.99997,EltonTraits,
Ceratotherium simum,Metazoa,Mammalia,Perissodactyla,Rhinocerotidae,Ceratotherium,Ceratotherium simum,2949.98631,EltonTraits,
Connochaetes,Metazoa,Mammalia,Artiodactyla,Bovidae,Connochaetes,NA,NA,NA,
Connochaetes taurinus mearnsi,Metazoa,Mammalia,Artiodactyla,Bovidae,Connochaetes,Connochaetes taurinus,140,Hein_etal_2012,
Damaliscus korrigum,Metazoa,Mammalia,Artiodactyla,Bovidae,Damaliscus,Damaliscus lunatus,127.19487,EltonTraits,
Diceros bicornis,Metazoa,Mammalia,Perissodactyla,Rhinocerotidae,Diceros,Diceros bicornis,1180.5109,EltonTraits,
Equus grevyi,Metazoa,Mammalia,Perissodactyla,Equidae,Equus,Equus grevyi,407.99985,EltonTraits,
Equus quagga burchellii,Metazoa,Mammalia,Perissodactyla,Equidae,Equus,Equus quagga,400,EltonTraits,
Giraffa tippelskirchi,Metazoa,Mammalia,Artiodactyla,Giraffidae,Giraffa,Giraffa tippelskirchi,899.9948,EltonTraits,
Hippopotamidae,Metazoa,Mammalia,Artiodactyla,Hippopotamidae,NA,NA,NA,NA,
Hippotragus equinus,Metazoa,Mammalia,Artiodactyla,Bovidae,Hippotragus,Hippotragus equinus,269.99766,EltonTraits,
Hippotragus niger,Metazoa,Mammalia,Artiodactyla,Bovidae,Hippotragus,Hippotragus niger,227.49927,EltonTraits,
Kobus leche,Metazoa,Mammalia,Artiodactyla,Bovidae,Kobus,Kobus leche,110.74905,EltonTraits,
Kobus megaceros,Metazoa,Mammalia,Artiodactyla,Bovidae,Kobus,Kobus megaceros,87.50039,EltonTraits,
Kobus vardonii,Metazoa,Mammalia,Artiodactyla,Bovidae,Kobus,Kobus vardonii,71.50065,EltonTraits,
Lepus saxatilis,Metazoa,Mammalia,Lagomorpha,Leporidae,Lepus,Lepus saxatilis,2.36333,EltonTraits,
Litocranius walleri,Metazoa,Mammalia,Artiodactyla,Bovidae,Litocranius,Litocranius walleri,37.99969,EltonTraits,
Loxodonta africana,Metazoa,Mammalia,Proboscidea,Elephantidae,Loxodonta,Loxodonta africana,4000.00008,Tamburello_etal,
Nanger granti,Metazoa,Mammalia,Artiodactyla,Bovidae,Nanger,Nanger granti,55.46446,EltonTraits,
Papio anubis,Metazoa,Mammalia,Primates,Cercopithecidae,Papio,Papio anubis,16.65,Galan-Acedo et al. 2019,
Papio papio,Metazoa,Mammalia,Primates,Cercopithecidae,Papio,Papio papio,18.02605,EltonTraits,
Pelea capreolus,Metazoa,Mammalia,Artiodactyla,Bovidae,Pelea,Pelea capreolus,20,EltonTraits,
Potamochoerus larvatus,Metazoa,Mammalia,Artiodactyla,Suidae,Potamochoerus,Potamochoerus larvatus,48.78125,EltonTraits,
Proboscidea,Metazoa,Mammalia,Proboscidea,NA,NA,NA,NA,NA,
Raphicerus,Metazoa,Mammalia,Artiodactyla,Bovidae,Raphicerus,NA,NA,NA,
Redunca,Metazoa,Mammalia,Artiodactyla,Bovidae,Redunca,NA,NA,NA,
Redunca redunca,Metazoa,Mammalia,Artiodactyla,Bovidae,Redunca,Redunca redunca,44.05041,EltonTraits,
Thryonomys swinderianus,Metazoa,Mammalia,Rodentia,Thryonomyidae,Thryonomys,Thryonomys swinderianus,3.18002,EltonTraits,
Tragelaphus,Metazoa,Mammalia,Artiodactyla,Bovidae,Tragelaphus,NA,NA,NA,
Tragelaphus imberbis,Metazoa,Mammalia,Artiodactyla,Bovidae,Tragelaphus,Tragelaphus imberbis,81.57555,EltonTraits,
Tragelaphus scriptus,Metazoa,Mammalia,Artiodactyla,Bovidae,Tragelaphus,Tragelaphus scriptus,43.25039,EltonTraits,
Calidris pugnax,Metazoa,Aves,Charadriiformes,Scolopacidae,Calidris,Calidris pugnax,0.13168,EltonTraits,
Diplopoda,Metazoa,Diplopoda,NA,NA,NA,NA,NA,NA,
Gryllidae,Metazoa,Insecta,Orthoptera,Gryllidae,NA,NA,NA,NA,
Hodotermitidae,Metazoa,Insecta,Blattodea,Hodotermitidae,NA,NA,NA,NA,
Hymenoptera,Metazoa,Insecta,Hymenoptera,NA,NA,NA,NA,NA,
Lepidoptera,Metazoa,Insecta,Lepidoptera,NA,NA,NA,NA,NA,
Macrotermitinae,Metazoa,Insecta,Blattodea,Termitidae,NA,NA,NA,NA,
Solifugae,Metazoa,Arachnida,Solifugae,NA,NA,NA,NA,NA,
Termitidae,Metazoa,Insecta,Blattodea,Termitidae,NA,NA,NA,NA,
Atta,Metazoa,Insecta,Hymenoptera,Formicidae,Atta,NA,NA,NA,
Aix sponsa,Metazoa,Aves,Anseriformes,Anatidae,Aix,Aix sponsa,0.658,Best_etal_1996,
Anas fulvigula,Metazoa,Aves,Anseriformes,Anatidae,Anas,Anas fulvigula,0.84342,EltonTraits,
Bassariscus astutus,Metazoa,Mammalia,Carnivora,Procyonidae,Bassariscus,Bassariscus astutus,1.12951,EltonTraits,
Columba livia domestica,Metazoa,Aves,Columbiformes,Columbidae,Columba,Columba livia,0.393,Moller_etal_2004,
Columbiformes,Metazoa,Aves,Columbiformes,NA,NA,NA,NA,NA,
Crotalus,Metazoa,Lepidosauria,Squamata,Viperidae,Crotalus,NA,NA,NA,
Dipsosaurus dorsalis,Metazoa,Lepidosauria,Squamata,Iguanidae,Dipsosaurus,Dipsosaurus dorsalis,0.0506125,Perry_Garland_2002,
Eutheria,Metazoa,Mammalia,NA,NA,NA,NA,NA,NA,
Gallinula chloropus,Metazoa,Aves,Gruiformes,Rallidae,Gallinula,Gallinula chloropus,0.33963,EltonTraits,
Hypostomus alatus,Metazoa,Actinopteri,Siluriformes,Loricariidae,Hypostomus,Hypostomus alatus,0.8534,"Pessali et al. 2022. Length-weight relationships of 78 fish species from S?o Francisco River basin, Brazil.",
Iguana,Metazoa,Lepidosauria,Squamata,Iguanidae,Iguana,NA,NA,NA,
Lama guanicoe,Metazoa,Mammalia,Artiodactyla,Camelidae,Lama,Lama guanicoe,115,"Franklin, W. 2011. Family Camelidae (camels). Pp. 206-247 in D Wilson, R Mittermeier, eds. Handbook of the mammals of the world, Vol. 2. Barcelona: Lynx Edicions.",
Larus canus,Metazoa,Aves,Charadriiformes,Laridae,Larus,Larus canus,0.41253,EltonTraits,
Mephitis,Metazoa,Mammalia,Carnivora,Mephitidae,Mephitis,NA,NA,NA,
Microtus ochrogaster,Metazoa,Mammalia,Rodentia,Cricetidae,Microtus,Microtus ochrogaster,0.03544,Tamburello_etal_2015,
Muroidea,Metazoa,Mammalia,Rodentia,NA,NA,NA,NA,NA,
Myocastor coypus,Metazoa,Mammalia,Rodentia,Myocastoridae,Myocastor,Myocastor coypus,6.93745,EltonTraits,
Myotis grisescens,Metazoa,Mammalia,Chiroptera,Vespertilionidae,Myotis,Myotis grisescens,0.01054,EltonTraits,
Neotamias,Metazoa,Mammalia,Rodentia,Sciuridae,Tamias,NA,NA,NA,
Neotoma fuscipes,Metazoa,Mammalia,Rodentia,Cricetidae,Neotoma,Neotoma fuscipes,0.22983,EltonTraits,
Passeriformes,Metazoa,Aves,Passeriformes,NA,NA,NA,NA,NA,
Peromyscus eremicus,Metazoa,Mammalia,Rodentia,Cricetidae,Peromyscus,Peromyscus eremicus,0.02365,EltonTraits,
Peromyscus truei,Metazoa,Mammalia,Rodentia,Cricetidae,Peromyscus,Peromyscus truei,0.02735,EltonTraits,
Pituophis catenifer annectens,Metazoa,Lepidosauria,Squamata,Colubridae,Pituophis,Pituophis catenifer,0.001586314,RepTraits,
Polioptila melanura,Metazoa,Aves,Passeriformes,Certhiidae,Polioptila,Polioptila melanura,0.0052,EltonTraits,
Rattus,Metazoa,Mammalia,Rodentia,Muridae,Rattus,NA,NA,NA,
Sciurus,Metazoa,Mammalia,Rodentia,Sciuridae,Sciurus,NA,NA,NA,
Thomomys talpoides,Metazoa,Mammalia,Rodentia,Geomyidae,Thomomys,Thomomys talpoides,0.14,Harestad_ Bunnel_1979,
Zapus princeps,Metazoa,Mammalia,Rodentia,Dipodidae,Zapus,Zapus princeps,0.029,EltonTraits,
Zenaida macroura,Metazoa,Aves,Columbiformes,Columbidae,Zenaida,Zenaida macroura,0.119,Best_etal_1996,
Amphipoda,Metazoa,Malacostraca,Amphipoda,NA,NA,NA,NA,NA,
Bivalvia,Metazoa,Bivalvia,NA,NA,NA,NA,NA,NA,
Brachyura,Metazoa,Malacostraca,Decapoda,NA,NA,NA,NA,NA,
Caniformia,Metazoa,Mammalia,Carnivora,NA,NA,NA,NA,NA,
Hippoidea,Metazoa,Malacostraca,Decapoda,NA,NA,NA,NA,NA,
Isopoda,Metazoa,Malacostraca,Isopoda,NA,NA,NA,NA,NA,
Rallus limicola,Metazoa,Aves,Gruiformes,Rallidae,Rallus,Rallus limicola,0.0841,EltonTraits,
Squamata,Metazoa,Lepidosauria,Squamata,NA,NA,NA,NA,NA,
Grampus griseus,Metazoa,Mammalia,Artiodactyla,Delphinidae,Grampus,Grampus griseus,387.5,EltonTraits,
Uta stansburiana,Metazoa,Lepidosauria,Squamata,Phrynosomatidae,Uta,Uta stansburiana,1.58489E-05,RepTraits,
Cornu aspersum,Metazoa,Gastropoda,Stylommatophora,Helicidae,Cornu,Cornu aspersum,0.00421,"Gait?n-Espitia JD, et al. 2013 Variation in thermal sensitivity and thermal tolerances in an invasive species across a climatic gradient: lessons from the land snail Cornu aspersum. ",
Acanthis flammea,Metazoa,Aves,Passeriformes,Fringillidae,Acanthis,Acanthis flammea,0.013,EltonTraits,
Acanthis hornemanni,Metazoa,Aves,Passeriformes,Fringillidae,Acanthis,Acanthis hornemanni,0.0152,EltonTraits,
Acrocephalus schoenobaenus,Metazoa,Aves,Passeriformes,Sylviidae,Acrocephalus,Acrocephalus schoenobaenus,0.01183,EltonTraits,
Actitis hypoleucos,Metazoa,Aves,Charadriiformes,Scolopacidae,Actitis,Actitis hypoleucos,0.048,EltonTraits,
Aethia cristatella,Metazoa,Aves,Charadriiformes,Alcidae,Aethia,Aethia cristatella,0.25936,EltonTraits,
Aethia psittacula,Metazoa,Aves,Charadriiformes,Alcidae,Aethia,Aethia psittacula,0.26998,EltonTraits,
Alauda arvensis,Metazoa,Aves,Passeriformes,Alaudidae,Alauda,Alauda arvensis,0.0427,Moller_etal_2004,
Alca,Metazoa,Aves,Charadriiformes,Alcidae,Alca,NA,NA,NA,
Alle alle,Metazoa,Aves,Charadriiformes,Alcidae,Alle,Alle alle,0.18073,EltonTraits,
Ammodytes hexapterus,Metazoa,Actinopteri,Uranoscopiformes,Ammodytidae,Ammodytes,Ammodytes hexapterus,0.1,"Fadeev, N.S., 2005. Guide to biology and fisheries of fishes of the North Pacific Ocean. Vladivostok, TINRO-Center. 366 p.",
Anas crecca,Metazoa,Aves,Anseriformes,Anatidae,Anas,Anas crecca,0.35,Hein_etal_2012,
Anser anser,Metazoa,Aves,Anseriformes,Anatidae,Anser,Anser anser,3.30241,EltonTraits,
Anser brachyrhynchus,Metazoa,Aves,Anseriformes,Anatidae,Anser,Anser brachyrhynchus,2.64204,EltonTraits,
Anser canagicus,Metazoa,Aves,Anseriformes,Anatidae,Anser,Anser canagicus,2.13649,EltonTraits,
Anser erythropus,Metazoa,Aves,Anseriformes,Anatidae,Anser,Anser erythropus,1.7555,EltonTraits,
Anser fabalis,Metazoa,Aves,Anseriformes,Anatidae,Anser,Anser fabalis,2.75473,EltonTraits,
Anthus,Metazoa,Aves,Passeriformes,Motacillidae,Anthus,NA,NA,NA,
Anthus campestris,Metazoa,Aves,Passeriformes,Motacillidae,Anthus,Anthus campestris,0.023,EltonTraits,
Anthus cervinus,Metazoa,Aves,Passeriformes,Motacillidae,Anthus,Anthus cervinus,0.0209,EltonTraits,
Anthus hodgsoni,Metazoa,Aves,Passeriformes,Motacillidae,Anthus,Anthus hodgsoni,0.0213,EltonTraits,
Anthus petrosus,Metazoa,Aves,Passeriformes,Motacillidae,Anthus,Anthus petrosus,0.0224,EltonTraits,
Arenaria,Metazoa,Aves,Charadriiformes,Scolopacidae,Arenaria,NA,NA,NA,
Asio flammeus,Metazoa,Aves,Strigiformes,Strigidae,Asio,Asio flammeus,0.315,Armstrong_1965,
Aythya,Metazoa,Aves,Anseriformes,Anatidae,Aythya,NA,NA,NA,
Aythya fuligula,Metazoa,Aves,Anseriformes,Anatidae,Aythya,Aythya fuligula,0.66,Hein_etal_2012,
Aythya marila,Metazoa,Aves,Anseriformes,Anatidae,Aythya,Aythya marila,1.00537,EltonTraits,
Branta bernicla,Metazoa,Aves,Anseriformes,Anatidae,Branta,Branta bernicla,1.4,Hein_Gillooly_2011,
Branta leucopsis,Metazoa,Aves,Anseriformes,Anatidae,Branta,Branta leucopsis,1.8,Hein_Gillooly_2011,
Bubo scandiacus,Metazoa,Aves,Strigiformes,Strigidae,Bubo,Bubo scandiacus,2.02876,EltonTraits,
Buteo lagopus,Metazoa,Aves,Accipitriformes,Accipitridae,Buteo,Buteo lagopus,0.94976,EltonTraits,
Calcarius lapponicus,Metazoa,Aves,Passeriformes,Fringillidae,Calcarius,Calcarius lapponicus,0.0286,Mace_Harvey_1983,
Calidris,Metazoa,Aves,Charadriiformes,Scolopacidae,Calidris,NA,NA,NA,
Calidris alba,Metazoa,Aves,Charadriiformes,Scolopacidae,Calidris,Calidris alba,0.05171,EltonTraits,
Calidris alpina,Metazoa,Aves,Charadriiformes,Scolopacidae,Calidris,Calidris alpina,0.052,Sibly_etal_2012,
Calidris canutus,Metazoa,Aves,Charadriiformes,Scolopacidae,Calidris,Calidris canutus,0.14187,EltonTraits,
Calidris falcinellus,Metazoa,Aves,Charadriiformes,Scolopacidae,Calidris,Calidris falcinellus,0.0371,EltonTraits,
Calidris maritima,Metazoa,Aves,Charadriiformes,Scolopacidae,Calidris,Calidris maritima,0.0651,EltonTraits,
Calidris melanotos,Metazoa,Aves,Charadriiformes,Scolopacidae,Calidris,Calidris melanotos,0.07973,EltonTraits,
Calidris minuta,Metazoa,Aves,Charadriiformes,Scolopacidae,Calidris,Calidris minuta,0.0211,EltonTraits,
Calidris temminckii,Metazoa,Aves,Charadriiformes,Scolopacidae,Calidris,Calidris temminckii,0.023,EltonTraits,
Carpodacus erythrinus,Metazoa,Aves,Passeriformes,Fringillidae,Carpodacus,Carpodacus erythrinus,0.02397,EltonTraits,
Cepphus columba,Metazoa,Aves,Charadriiformes,Alcidae,Cepphus,Cepphus columba,0.53,EltonTraits,
Cepphus grylle,Metazoa,Aves,Charadriiformes,Alcidae,Cepphus,Cepphus grylle,0.378,EltonTraits,
Charadrius dubius,Metazoa,Aves,Charadriiformes,Charadriidae,Charadrius,Charadrius dubius,0.0387,EltonTraits,
Charadrius hiaticula,Metazoa,Aves,Charadriiformes,Charadriidae,Charadrius,Charadrius hiaticula,0.06404,EltonTraits,
Charadrius morinellus,Metazoa,Aves,Charadriiformes,Charadriidae,Charadrius,Charadrius morinellus,0.10816,EltonTraits,
Charadrius semipalmatus,Metazoa,Aves,Charadriiformes,Charadriidae,Charadrius,Charadrius semipalmatus,0.04674,EltonTraits,
Chen caerulescens,Metazoa,Aves,Anseriformes,Anatidae,Anser,Anser caerulescens,2.63615,EltonTraits,
Chionoecetes opilio,Metazoa,Malacostraca,Decapoda,Majidae,Chionoecetes,Chionoecetes opilio,#N/A,NA,*snow crab
Circus aeruginosus,Metazoa,Aves,Accipitriformes,Accipitridae,Circus,Circus aeruginosus,0.70407,EltonTraits,
Circus cyaneus,Metazoa,Aves,Accipitriformes,Accipitridae,Circus,Circus cyaneus,0.39298,EltonTraits,
Clangula hyemalis,Metazoa,Aves,Anseriformes,Anatidae,Clangula,Clangula hyemalis,0.871,EltonTraits,
Coloeus monedula,Metazoa,Aves,Passeriformes,Corvidae,Coloeus,Coloeus monedula,0.246,EltonTraits,
Coturnix coturnix,Metazoa,Aves,Galliformes,Phasianidae,Coturnix,Coturnix coturnix,0.09628,EltonTraits,
Cygnus columbianus,Metazoa,Aves,Anseriformes,Anatidae,Cygnus,Cygnus columbianus,6.8,Hein_Gillooly_2011,
Cygnus cygnus,Metazoa,Aves,Anseriformes,Anatidae,Cygnus,Cygnus cygnus,9.4,Hein_Gillooly_2011,
Cygnus olor,Metazoa,Aves,Anseriformes,Anatidae,Cygnus,Cygnus olor,11.8,Jenkins_etal_2007,
Dicrostonyx torquatus,Metazoa,Mammalia,Rodentia,Cricetidae,Dicrostonyx,Dicrostonyx torquatus,0.085,EltonTraits,
Emberiza aureola,Metazoa,Aves,Passeriformes,Fringillidae,Emberiza,Emberiza aureola,0.0196,EltonTraits,
Emberiza pallasi,Metazoa,Aves,Passeriformes,Fringillidae,Emberiza,Emberiza pallasi,0.01396,EltonTraits,
Emberiza pusilla,Metazoa,Aves,Passeriformes,Fringillidae,Emberiza,Emberiza pusilla,0.01457,EltonTraits,
Emberiza rustica,Metazoa,Aves,Passeriformes,Fringillidae,Emberiza,Emberiza rustica,0.02054,EltonTraits,
Emberiza schoeniclus,Metazoa,Aves,Passeriformes,Fringillidae,Emberiza,Emberiza schoeniclus,0.0184,EltonTraits,
Enhydra lutris,Metazoa,Mammalia,Carnivora,Mustelidae,Enhydra,Enhydra lutris,23.5,EltonTraits,
Eremophila alpestris,Metazoa,Aves,Passeriformes,Alaudidae,Eremophila,Eremophila alpestris,0.0408,Mace_Harvey_1983,
Erithacus rubecula,Metazoa,Aves,Passeriformes,Turdidae,Erithacus,Erithacus rubecula,0.018,Armstrong_1965,
Eumetopias jubatus,Metazoa,Mammalia,Carnivora,Otariidae,Eumetopias,Eumetopias jubatus,310,EltonTraits,
Falco columbarius,Metazoa,Aves,Falconiformes,Falconidae,Falco,Falco columbarius,0.218,Jenkins_etal_2007,
Fratercula cirrhata,Metazoa,Aves,Charadriiformes,Alcidae,Fratercula,Fratercula cirrhata,0.77437,EltonTraits,
Fratercula corniculata,Metazoa,Aves,Charadriiformes,Alcidae,Fratercula,Fratercula corniculata,0.53614,EltonTraits,
Fringilla coelebs,Metazoa,Aves,Passeriformes,Fringillidae,Fringilla,Fringilla coelebs,0.02325,Tamburello_etal_2015,
Fulica atra,Metazoa,Aves,Gruiformes,Rallidae,Fulica,Fulica atra,0.84,Hein_Gillooly_2011,
Fulmarus glacialis,Metazoa,Aves,Procellariiformes,Procellariidae,Fulmarus,Fulmarus glacialis,0.61194,EltonTraits,
Gallinago gallinago,Metazoa,Aves,Charadriiformes,Scolopacidae,Gallinago,Gallinago gallinago,0.11294,EltonTraits,
Gallinago media,Metazoa,Aves,Charadriiformes,Scolopacidae,Gallinago,Gallinago media,0.16996,EltonTraits,
Gallinago stenura,Metazoa,Aves,Charadriiformes,Scolopacidae,Gallinago,Gallinago stenura,0.113,EltonTraits,
Garrulus glandarius,Metazoa,Aves,Passeriformes,Corvidae,Garrulus,Garrulus glandarius,0.15946,EltonTraits,
Gavia,Metazoa,Aves,Gaviiformes,Gaviidae,Gavia,NA,NA,NA,
Gavia adamsii,Metazoa,Aves,Gaviiformes,Gaviidae,Gavia,Gavia adamsii,4.94434,EltonTraits,
Gavia immer,Metazoa,Aves,Gaviiformes,Gaviidae,Gavia,Gavia immer,4.95681,EltonTraits,
Gavia stellata,Metazoa,Aves,Gaviiformes,Gaviidae,Gavia,Gavia stellata,1.486,EltonTraits,
Grus grus,Metazoa,Aves,Gruiformes,Gruidae,Grus,Grus grus,5.49999,EltonTraits,
Haematopus ostralegus,Metazoa,Aves,Charadriiformes,Haematopodidae,Haematopus,Haematopus ostralegus,0.526,EltonTraits,
Histrionicus histrionicus,Metazoa,Aves,Anseriformes,Anatidae,Histrionicus,Histrionicus histrionicus,0.56157,EltonTraits,
Hyas,Metazoa,Malacostraca,Decapoda,Majidae,Hyas,NA,NA,NA,
Hydrobates pelagicus,Metazoa,Aves,Procellariiformes,NA,Hydrobates,Hydrobates pelagicus,0.0252,EltonTraits,
Hydrocoloeus minutus,Metazoa,Aves,Charadriiformes,Laridae,Hydrocoloeus,Hydrocoloeus minutus,0.118,EltonTraits,
Jynx torquilla,Metazoa,Aves,Piciformes,Picidae,Jynx,Jynx torquilla,0.03496,EltonTraits,
Lagopus lagopus,Metazoa,Aves,Galliformes,Phasianidae,Lagopus,Lagopus lagopus,0.62,Schoener_1968,
Lagopus muta,Metazoa,Aves,Galliformes,Phasianidae,Lagopus,Lagopus muta,0.5353,EltonTraits,
Larus argentatus,Metazoa,Aves,Charadriiformes,Laridae,Larus,Larus argentatus,1.09099,EltonTraits,
Larus fuscus,Metazoa,Aves,Charadriiformes,Laridae,Larus,Larus fuscus,0.8,Hein_etal_2012,
Larus glaucescens,Metazoa,Aves,Charadriiformes,Laridae,Larus,Larus glaucescens,1.01,EOL,
Larus glaucoides,Metazoa,Aves,Charadriiformes,Laridae,Larus,Larus glaucoides,0.69331,EltonTraits,
Larus hyperboreus,Metazoa,Aves,Charadriiformes,Laridae,Larus,Larus hyperboreus,1.52904,EltonTraits,
Larus marinus,Metazoa,Aves,Charadriiformes,Laridae,Larus,Larus marinus,1.64971,EltonTraits,
Lemmus lemmus,Metazoa,Mammalia,Rodentia,Cricetidae,Lemmus,Lemmus lemmus,0.1,Hein_etal_2012,
Lemmus sibiricus,Metazoa,Mammalia,Rodentia,Cricetidae,Lemmus,Lemmus sibiricus,0.09214,Tamburello_etal_2015,
Lepus timidus,Metazoa,Mammalia,Lagomorpha,Leporidae,Lepus,Lepus timidus,2.82501,Tamburello_etal_2015,
Limosa lapponica,Metazoa,Aves,Charadriiformes,Scolopacidae,Limosa,Limosa lapponica,0.29165,EltonTraits,
Limosa limosa,Metazoa,Aves,Charadriiformes,Scolopacidae,Limosa,Limosa limosa,0.28837,EltonTraits,
Linaria cannabina,Metazoa,Aves,Passeriformes,Fringillidae,Linaria,Linaria cannabina,0.0155,Tamburello_etal_2015,
Linaria flavirostris,Metazoa,Aves,Passeriformes,Fringillidae,Linaria,Linaria flavirostris,0.0154,EltonTraits,
Locustella naevia,Metazoa,Aves,Passeriformes,Locustellidae,Locustella,Locustella naevia,0.0133,EltonTraits,
Lophophanes cristatus,Metazoa,Aves,Passeriformes,Paridae,Lophophanes,Lophophanes cristatus,0.01104,EltonTraits,
Loxia pytyopsittacus,Metazoa,Aves,Passeriformes,Fringillidae,Loxia,Loxia pytyopsittacus,0.053,EltonTraits,
Lumpenus,Metazoa,Actinopteri,Perciformes,Stichaeidae,Lumpenus,NA,NA,NA,
Lymnocryptes minimus,Metazoa,Aves,Charadriiformes,Scolopacidae,Lymnocryptes,Lymnocryptes minimus,0.05007,EltonTraits,
Lyrurus tetrix,Metazoa,Aves,Galliformes,Phasianidae,Lyrurus,Lyrurus tetrix,1.06866,EltonTraits,
Mallotus villosus,Metazoa,Actinopteri,Osmeriformes,Salangidae,Mallotus,Mallotus villosus,0.052,"Velikanov, A.Y., 1993. Capelin. p. 105-109. In F.S. Terziev (ed.). Project ""The seas"". Hydrometeorology and hydrochemistry of the seas. Vol. 9. Sea of Okhotsk. Sankt-Peterburg, Gidrometeoizdat.",
Melanitta fusca,Metazoa,Aves,Anseriformes,Anatidae,Melanitta,Melanitta fusca,1.80017,EltonTraits,
Melanitta nigra,Metazoa,Aves,Anseriformes,Anatidae,Melanitta,Melanitta nigra,1.04998,EltonTraits,
Melospiza melodia,Metazoa,Aves,Passeriformes,Passerellidae,Melospiza,Melospiza melodia,0.0216,Mace_Harvey_1983,
Mergus serrator,Metazoa,Aves,Anseriformes,Anatidae,Mergus,Mergus serrator,1.01517,EltonTraits,
Microtus agrestis,Metazoa,Mammalia,Rodentia,Cricetidae,Microtus,Microtus agrestis,0.038,Tamburello_etal_2015,
Microtus gregalis,Metazoa,Mammalia,Rodentia,Cricetidae,Stenocranius,Stenocranius gregalis,0.0475,EltonTraits,
Microtus middendorffi,Metazoa,Mammalia,Rodentia,Cricetidae,Alexandromys,Alexandromys middendorffii,0.03649,EltonTraits,
Microtus oeconomus,Metazoa,Mammalia,Rodentia,Cricetidae,Alexandromys,Alexandromys oeconomus,0.03438,EltonTraits,
Morus bassanus,Metazoa,Aves,Suliformes,Sulidae,Morus,Morus bassanus,2.99874,EltonTraits,
Motacilla citreola,Metazoa,Aves,Passeriformes,Motacillidae,Motacilla,Motacilla citreola,0.01911,EltonTraits,
Motacilla flava,Metazoa,Aves,Passeriformes,Motacillidae,Motacilla,Motacilla flava,0.0175,Tamburello_etal_2015,
Muscicapa striata,Metazoa,Aves,Passeriformes,Muscicapidae,Muscicapa,Muscicapa striata,0.0128,Tamburello_etal_2015,
Mya,Metazoa,Bivalvia,Myida,Myidae,Mya,NA,NA,NA,
Myodes glareolus,Metazoa,Mammalia,Rodentia,Cricetidae,Myodes,Myodes glareolus,0.02073,EltonTraits,
Myodes rufocanus,Metazoa,Mammalia,Rodentia,Cricetidae,Myodes,Myodes rufocanus,0.03643,EltonTraits,
Myodes rutilus,Metazoa,Mammalia,Rodentia,Cricetidae,Clethrionomys,Clethrionomys rutilus,0.01994,EltonTraits,
Myopus schisticolor,Metazoa,Mammalia,Rodentia,Cricetidae,Myopus,Myopus schisticolor,0.025,EltonTraits,
Myoxocephalus,Metazoa,Actinopteri,Perciformes,Cottidae,Myoxocephalus,NA,NA,NA,
Mytilus,Metazoa,Bivalvia,Mytilida,Mytilidae,Mytilus,NA,NA,NA,
Nereididae,Metazoa,Polychaeta,Phyllodocida,Nereididae,NA,NA,NA,NA,
Nucifraga caryocatactes,Metazoa,Aves,Passeriformes,Corvidae,Nucifraga,Nucifraga caryocatactes,0.13,Mace_Harvey_1983,
Numenius arquata,Metazoa,Aves,Charadriiformes,Scolopacidae,Numenius,Numenius arquata,0.80299,EltonTraits,
Numenius phaeopus,Metazoa,Aves,Charadriiformes,Scolopacidae,Numenius,Numenius phaeopus,0.4,Jenkins_etal_2007,
Oceanodroma,Metazoa,Aves,Procellariiformes,NA,Oceanodroma,NA,NA,NA,
Oceanodroma leucorhoa,Metazoa,Aves,Procellariiformes,NA,Oceanodroma,Oceanodroma leucorhoa,0.03671,EltonTraits,
Oenanthe oenanthe,Metazoa,Aves,Passeriformes,Muscicapidae,Oenanthe,Oenanthe oenanthe,0.0252,Tamburello_etal_2015,
Pagophila eburnea,Metazoa,Aves,Charadriiformes,Laridae,Pagophila,Pagophila eburnea,0.54999,EltonTraits,
Parus major,Metazoa,Aves,Passeriformes,Paridae,Parus,Parus major,0.0197,armstrong_1965,
Passer domesticus,Metazoa,Aves,Passeriformes,Passeridae,Passer,Passer domesticus,0.029,Mace_Harvey_1983,
Perdix perdix,Metazoa,Aves,Galliformes,Phasianidae,Perdix,Perdix perdix,0.4053,EltonTraits,
Phalacrocorax auritus,Metazoa,Aves,Suliformes,Phalacrocoracidae,Phalacrocorax,Phalacrocorax auritus,1.80649,EltonTraits,
Phalacrocorax pelagicus,Metazoa,Aves,Suliformes,Phalacrocoracidae,Phalacrocorax,Phalacrocorax pelagicus,1.84395,EltonTraits,
Phalaropus fulicarius,Metazoa,Aves,Charadriiformes,Scolopacidae,Phalaropus,Phalaropus fulicarius,0.05559,EltonTraits,
Phalaropus lobatus,Metazoa,Aves,Charadriiformes,Scolopacidae,Tringa,Tringa tobata,0.03668,EltonTraits,
Phoca largha,Metazoa,Mammalia,Carnivora,Phocidae,Phoca,Phoca largha,150,EltonTraits,
Pholis,Metazoa,Actinopteri,Perciformes,Pholidae,Pholis,NA,NA,NA,
Phylloscopus borealis,Metazoa,Aves,Passeriformes,Phylloscopidae,Phylloscopus,Phylloscopus borealis,0.01089,EltonTraits,
Phylloscopus collybita,Metazoa,Aves,Passeriformes,Phylloscopidae,Phylloscopus,Phylloscopus collybita,0.0083,EltonTraits,
Phylloscopus inornatus,Metazoa,Aves,Passeriformes,Phylloscopidae,Phylloscopus,Phylloscopus inornatus,0.00659,EltonTraits,
Phylloscopus trochiloides,Metazoa,Aves,Passeriformes,Phylloscopidae,Phylloscopus,Phylloscopus trochiloides,0.00805,EltonTraits,
Phylloscopus trochilus,Metazoa,Aves,Passeriformes,Phylloscopidae,Phylloscopus,Phylloscopus trochilus,0.0087,Hein_etal_2012,
Picus viridis,Metazoa,Aves,Piciformes,Picidae,Picus,Picus viridis,0.18667,Tamburello_etal_2015,
Pinicola enucleator,Metazoa,Aves,Passeriformes,Fringillidae,Pinicola,Pinicola enucleator,0.0564,EltonTraits,
Plectrophenax,Metazoa,Aves,Passeriformes,Fringillidae,Plectrophenax,NA,NA,EltonTraits,
Plectrophenax nivalis,Metazoa,Aves,Passeriformes,Fringillidae,Plectrophenax,Plectrophenax nivalis,0.0422,EltonTraits,
Pluvialis apricaria,Metazoa,Aves,Charadriiformes,Charadriidae,Pluvialis,Pluvialis apricaria,0.214,EltonTraits,
Pluvialis squatarola,Metazoa,Aves,Charadriiformes,Charadriidae,Pluvialis,Pluvialis squatarola,0.25,EltonTraits,
Polysticta stelleri,Metazoa,Aves,Anseriformes,Anatidae,Polysticta,Polysticta stelleri,0.80676,EltonTraits,
Porzana porzana,Metazoa,Aves,Gruiformes,Rallidae,Porzana,Porzana porzana,0.0871,EltonTraits,
Prunella modularis,Metazoa,Aves,Passeriformes,Prunellidae,Prunella,Prunella modularis,0.02024,EltonTraits,
Ptychoramphus aleuticus,Metazoa,Aves,Charadriiformes,Alcidae,Ptychoramphus,Ptychoramphus aleuticus,0.184,EltonTraits,
Puffinus tenuirostris,Metazoa,Aves,Procellariiformes,Procellariidae,Ardenna,Ardenna tenuirostris,0.559,EltonTraits,
Pyrrhula pyrrhula,Metazoa,Aves,Passeriformes,Fringillidae,Pyrrhula,Pyrrhula pyrrhula,0.02426,EltonTraits,
Rissa tridactyla,Metazoa,Aves,Charadriiformes,Laridae,Rissa,Rissa tridactyla,0.41599,EltonTraits,
Saxicola rubetra,Metazoa,Aves,Passeriformes,Muscicapidae,Saxicola,Saxicola rubetra,0.01648,Tamburello_etal_2015,
Saxicola torquatus,Metazoa,Aves,Passeriformes,Muscicapidae,Saxicola,Saxicola torquatus,0.01409,EltonTraits,
Scolopax rusticola,Metazoa,Aves,Charadriiformes,Scolopacidae,Scolopax,Scolopax rusticola,0.30831,EltonTraits,
Somateria mollissima,Metazoa,Aves,Anseriformes,Anatidae,Somateria,Somateria mollissima,2.06093,EltonTraits,
Somateria spectabilis,Metazoa,Aves,Anseriformes,Anatidae,Somateria,Somateria spectabilis,1.61671,EltonTraits,
Sorex araneus,Metazoa,Mammalia,Eulipotyphla,Soricidae,Sorex,Sorex araneus,0.01,EltonTraits,
Sorex isodon,Metazoa,Mammalia,Eulipotyphla,Soricidae,Sorex,Sorex isodon,0.00935,EltonTraits,
Sorex minutissimus,Metazoa,Mammalia,Eulipotyphla,Soricidae,Sorex,Sorex minutissimus,0.00251,EltonTraits,
Sorex minutus,Metazoa,Mammalia,Eulipotyphla,Soricidae,Sorex,Sorex minutus,0.0045,EltonTraits,
Sorex tundrensis,Metazoa,Mammalia,Eulipotyphla,Soricidae,Sorex,Sorex tundrensis,0.00773,EltonTraits,
Spatula querquedula,Metazoa,Aves,Anseriformes,Anatidae,Spatula,Spatula querquedula,0.3256,EltonTraits,
Spinus spinus,Metazoa,Aves,Passeriformes,Fringillidae,Spinus,Spinus spinus,0.01324,EltonTraits,
Staphylinidae,Metazoa,Insecta,Coleoptera,Staphylinidae,NA,NA,NA,NA,
Stercorarius longicaudus,Metazoa,Aves,Charadriiformes,Stercorariidae,Stercorarius,Stercorarius longicaudus,0.2879,EltonTraits,
Stercorarius parasiticus,Metazoa,Aves,Charadriiformes,Stercorariidae,Stercorarius,Stercorarius parasiticus,0.44431,EltonTraits,
Stercorarius pomarinus,Metazoa,Aves,Charadriiformes,Stercorariidae,Stercorarius,Stercorarius pomarinus,0.75,Armstrong_1965,
Stercorarius skua,Metazoa,Aves,Charadriiformes,Stercorariidae,Stercorarius,Stercorarius skua,1.33822,EltonTraits,
Sterna,Metazoa,Aves,Charadriiformes,Laridae,Sterna,NA,NA,NA,
Sterna hirundo,Metazoa,Aves,Charadriiformes,Laridae,Sterna,Sterna hirundo,0.12915,EltonTraits,
Sterna paradisaea,Metazoa,Aves,Charadriiformes,Laridae,Sterna,Sterna paradisaea,0.11,EltonTraits,
Sturnus vulgaris,Metazoa,Aves,Passeriformes,Sturnidae,Sturnus,Sturnus vulgaris,0.082,Hein_etal_2012,
Sylvia atricapilla,Metazoa,Aves,Passeriformes,Sylviidae,Sylvia,Sylvia atricapilla,0.0155,Moller_etal_2004,
Synthliboramphus antiquus,Metazoa,Aves,Charadriiformes,Alcidae,Synthliboramphus,Synthliboramphus antiquus,0.21772,EltonTraits,
Tadorna tadorna,Metazoa,Aves,Anseriformes,Anatidae,Tadorna,Tadorna tadorna,1.14683,EltonTraits,
Tarsiger cyanurus,Metazoa,Aves,Passeriformes,Turdidae,Tarsiger,Tarsiger cyanurus,0.01343,EltonTraits,
Tetrao urogallus,Metazoa,Aves,Galliformes,Phasianidae,Tetrao,Tetrao urogallus,2.71661,EltonTraits,
Tetrastes bonasia,Metazoa,Aves,Galliformes,Phasianidae,Tetrastes,Tetrastes bonasia,0.000429,EltonTraits,
Tringa erythropus,Metazoa,Aves,Charadriiformes,Scolopacidae,Tringa,Tringa erythropus,0.158,EltonTraits,
Tringa glareola,Metazoa,Aves,Charadriiformes,Scolopacidae,Tringa,Tringa glareola,0.06205,EltonTraits,
Tringa nebularia,Metazoa,Aves,Charadriiformes,Scolopacidae,Tringa,Tringa nebularia,0.187,EltonTraits,
Tringa ochropus,Metazoa,Aves,Charadriiformes,Scolopacidae,Tringa,Tringa ochropus,0.0714,EltonTraits,
Tringa totanus,Metazoa,Aves,Charadriiformes,Scolopacidae,Tringa,Tringa totanus,0.129,EltonTraits,
Turdus iliacus,Metazoa,Aves,Passeriformes,Turdidae,Turdus,Turdus iliacus,0.0612,EltonTraits,
Turdus merula,Metazoa,Aves,Passeriformes,Turdidae,Turdus,Turdus merula,0.000092,EltonTraits,
Turdus philomelos,Metazoa,Aves,Passeriformes,Turdidae,Turdus,Turdus philomelos,0.06774,EltonTraits,
Turdus pilaris,Metazoa,Aves,Passeriformes,Turdidae,Turdus,Turdus pilaris,0.106,EltonTraits,
Turdus torquatus,Metazoa,Aves,Passeriformes,Turdidae,Turdus,Turdus torquatus,0.109,EltonTraits,
Uria aalge,Metazoa,Aves,Charadriiformes,Alcidae,Uria,Uria aalge,0.99193,EltonTraits,
Uria lomvia,Metazoa,Aves,Charadriiformes,Alcidae,Uria,Uria lomvia,0.96399,EltonTraits,
Vanellus vanellus,Metazoa,Aves,Charadriiformes,Charadriidae,Vanellus,Vanellus vanellus,0.21837,EltonTraits,
Vulpes,Metazoa,Mammalia,Carnivora,Canidae,Vulpes,NA,NA,EltonTraits,
Xema sabini,Metazoa,Aves,Charadriiformes,Laridae,Xema,Xema sabini,0.198,EltonTraits,
Xenus cinereus,Metazoa,Aves,Charadriiformes,Scolopacidae,Xenus,Xenus cinereus,0.0788,EltonTraits,
Zootoca vivipara,Metazoa,Lepidosauria,Squamata,Lacertidae,Zootoca,Zootoca vivipara,0.0032,Perry_Garland_2002,
Arachnida,Metazoa,Arachnida,NA,NA,NA,NA,NA,NA,
Blattoidea,Metazoa,Insecta,Blattodea,NA,NA,NA,NA,NA,
Macroscelididae,Metazoa,Mammalia,Macroscelidea,Macroscelididae,NA,NA,NA,NA,
Acanthostracion quadricornis,Metazoa,Actinopteri,Tetraodontiformes,Ostraciidae,Acanthostracion,Acanthostracion quadricornis,#N/A,NA,*Scrawled cowfish
Aethia,Metazoa,Aves,Charadriiformes,Alcidae,Aethia,NA,NA,NA,
Alexandromys oeconomus,Metazoa,Mammalia,Rodentia,Cricetidae,Alexandromys,Alexandromys oeconomus,0.03438,EltonTraits,
Anser,Metazoa,Aves,Anseriformes,Anatidae,Anser,NA,NA,NA,
Anser albifrons,Metazoa,Aves,Anseriformes,Anatidae,Anser,Anser albifrons,2.50639,EltonTraits,
Anser caerulescens,Metazoa,Aves,Anseriformes,Anatidae,Anser,Anser caerulescens,2.63615,EltonTraits,
Anser caerulescens atlantica,Metazoa,Aves,Anseriformes,Anatidae,Anser,Anser caerulescens,2.63615,EltonTraits,
Anser rossii,Metazoa,Aves,Anseriformes,Anatidae,Anser,Anser rossii,1.63599,EltonTraits,
Anseriformes,Metazoa,Aves,Anseriformes,NA,NA,NA,NA,NA,
Arvicolinae,Metazoa,Mammalia,Rodentia,Cricetidae,NA,NA,NA,NA,
Calidris mauri,Metazoa,Aves,Charadriiformes,Scolopacidae,Calidris,Calidris mauri,0.047,Hein_etal_2012,
Callorhinus ursinus,Metazoa,Mammalia,Carnivora,Otariidae,Callorhinus,Callorhinus ursinus,45.133,EltonTraits,
Carduelis,Metazoa,Aves,Passeriformes,Fringillidae,Carduelis,NA,NA,NA,
Charadriiformes,Metazoa,Aves,Charadriiformes,NA,NA,NA,NA,NA,
Chordata,Metazoa,NA,NA,NA,NA,NA,NA,NA,
Dicrostonyx,Metazoa,Mammalia,Rodentia,Cricetidae,Dicrostonyx,NA,NA,NA,
Eschrichtius robustus,Metazoa,Mammalia,Artiodactyla,Eschrichtiidae,Eschrichtius,Eschrichtius robustus,28500,EltonTraits,
Galliformes,Metazoa,Aves,Galliformes,NA,NA,NA,NA,NA,
Gastropoda,Metazoa,Gastropoda,NA,NA,NA,NA,NA,NA,
Gnathostomata,Metazoa,NA,NA,NA,NA,NA,NA,NA,
Lagopus,Metazoa,Aves,Galliformes,Phasianidae,Lagopus,NA,NA,NA,
Laridae,Metazoa,Aves,Charadriiformes,Laridae,NA,NA,NA,NA,
Lemmus trimucronatus,Metazoa,Mammalia,Rodentia,Cricetidae,Lemmus,Lemmus trimucronatus,0.06982,EltonTraits,
Lepus arcticus,Metazoa,Mammalia,Lagomorpha,Leporidae,Lepus,Lepus arcticus,4.40504,EltonTraits,
Microtus levis,Metazoa,Mammalia,Rodentia,Cricetidae,Microtus,Microtus levis,0.03549,EltonTraits,
Myodes,Metazoa,Mammalia,Rodentia,Cricetidae,Myodes,NA,NA,NA,
Ovibos moschatus,Metazoa,Mammalia,Artiodactyla,Bovidae,Ovibos,Ovibos moschatus,480,Hein_etal_2012,
Pusa hispida,Metazoa,Mammalia,Carnivora,Phocidae,Pusa,Pusa hispida,70.9636,EltonTraits,
Rangifer,Metazoa,Mammalia,Artiodactyla,Cervidae,Rangifer,NA,NA,NA,
Rangifer tarandus platyrhynchus,Metazoa,Mammalia,Artiodactyla,Cervidae,Rangifer,Rangifer tarandus,102.05869,Tamburello_etal_2015,
Sea,Metazoa,Insecta,Lepidoptera,Nymphalidae,Sea,NA,NA,NA,
Somateria,Metazoa,Aves,Anseriformes,Anatidae,Somateria,NA,NA,NA,
Stercorarius,Metazoa,Aves,Charadriiformes,Stercorariidae,Stercorarius,NA,NA,NA,
Dipodomys ingens,Metazoa,Mammalia,Rodentia,Heteromyidae,Dipodomys,Dipodomys ingens,0.15356,Tamburello_etal,
Perognathus inornatus,Metazoa,Mammalia,Rodentia,Heteromyidae,Perognathus,Perognathus inornatus,0.01088,EltonTraits,
Setophaga coronata,Metazoa,Aves,Passeriformes,Parulidae,Setophaga,Setophaga coronata,0.01194,EltonTraits,
Blarina hylophaga,Metazoa,Mammalia,Eulipotyphla,Soricidae,Blarina,Blarina hylophaga,0.0145,EltonTraits,
Chaetodipus hispidus,Metazoa,Mammalia,Rodentia,Heteromyidae,Chaetodipus,Chaetodipus hispidus,0.032,EltonTraits,
Cynomys ludovicianus,Metazoa,Mammalia,Rodentia,Sciuridae,Cynomys,Cynomys ludovicianus,1.1,Swihart_etal_1988,
Dipodomys ordii,Metazoa,Mammalia,Rodentia,Heteromyidae,Dipodomys,Dipodomys ordii,0.0604,EltonTraits,
Geomys bursarius,Metazoa,Mammalia,Rodentia,Geomyidae,Geomys,Geomys bursarius,0.20375,EltonTraits,
Mephitis mephitis,Metazoa,Mammalia,Carnivora,Mephitidae,Mephitis,Mephitis mephitis,2.586,Harestad_ Bunnel_1979,
Onychomys leucogaster,Metazoa,Mammalia,Rodentia,Cricetidae,Onychomys,Onychomys leucogaster,0.031,Mace_Harvey_1983,
Sturnella,Metazoa,Aves,Passeriformes,Icteridae,Sturnella,NA,NA,NA,
Urocitellus richardsonii,Metazoa,Mammalia,Rodentia,Sciuridae,Urocitellus,Urocitellus richardsonii,0.406,EltonTraits,
Jaculus jaculus,Metazoa,Mammalia,Rodentia,Dipodidae,Jaculus,Jaculus jaculus,0.05655,EltonTraits,
Jaculus orientalis,Metazoa,Mammalia,Rodentia,Dipodidae,Jaculus,Jaculus orientalis,0.138,EltonTraits,
Meriones crassus,Metazoa,Mammalia,Rodentia,Muridae,Meriones,Meriones crassus,0.07997,EltonTraits,
