finest_taxon,kingdom,class,order,family,genus,species,Mass_kg,Mass_source,notes
Aepyceros melampus,Metazoa,Mammalia,Artiodactyla,Bovidae,Aepyceros,Aepyceros melampus,63.50384,Tamburello_etal_2015,NA
Raphicerus sharpei,Metazoa,Mammalia,Artiodactyla,Bovidae,Raphicerus,Raphicerus sharpei,9.49992,EltonTraits,NA
Alces alces,Metazoa,Mammalia,Artiodactyla,Cervidae,Alces,Alces alces,307.22744,Tamburello_etal_2015,NA
Amphispiza bilineata,Metazoa,Aves,Passeriformes,Passerellidae,Amphispiza,Amphispiza bilineata,0.0135,EltonTraits,NA
Anas acuta,Metazoa,Aves,Anseriformes,Anatidae,Anas,Anas acuta,0.94,Hein_Gillooly_2011,NA
Anas cyanoptera,Metazoa,Aves,Anseriformes,Anatidae,Spatula,Spatula cyanoptera,0.37745,EltonTraits,NA
Anas platyrhynchos,Metazoa,Aves,Anseriformes,Anatidae,Anas,Anas platyrhynchos,1.082,Jenkins_etal_2007,NA
Anaxyrus boreas,Metazoa,Amphibia,Anura,Bufonidae,Anaxyrus,Anaxyrus boreas,0.0402,Carey 1979 (https://link.springer.com/article/10.1007/BF00348070),NA
Antilocapra americana,Metazoa,Mammalia,Artiodactyla,Antilocapridae,Antilocapra,Antilocapra americana,46.0999,Tamburello_etal_2015,NA
Aplodontia rufa,Metazoa,Mammalia,Rodentia,Aplodontiidae,Aplodontia,Aplodontia rufa,1.135,Mace_Harvey_1983,NA
Baiomys musculus,Metazoa,Mammalia,Rodentia,Cricetidae,Baiomys,Baiomys musculus,0.009,EltonTraits,NA
Bison bison,Metazoa,Mammalia,Artiodactyla,Bovidae,Bison,Bison bison,629.9992,Tamburello_etal_2015,NA
Blarina brevicauda,Metazoa,Mammalia,Eulipotyphla,Soricidae,Blarina,Blarina brevicauda,0.018,McNab_1963,NA
Blarina carolinensis,Metazoa,Mammalia,Eulipotyphla,Soricidae,Blarina,Blarina carolinensis,0.0135,EltonTraits,NA
Bonasa umbellus,Metazoa,Aves,Galliformes,Phasianidae,Bonasa,Bonasa umbellus,0.908,Mace_Harvey_1983,NA
Bos taurus,Metazoa,Mammalia,Artiodactyla,Bovidae,Bos,Bos taurus,900,EltonTraits,NA
Brachylagus idahoensis,Metazoa,Mammalia,Lagomorpha,Leporidae,Brachylagus,Brachylagus idahoensis,0.3402,Tamburello_etal_2015,NA
Branta canadensis,Metazoa,Aves,Anseriformes,Anatidae,Branta,Branta canadensis,3.814,Jenkins_etal_2007,NA
Callospermophilus lateralis,Metazoa,Mammalia,Rodentia,Sciuridae,Callospermophilus,Callospermophilus lateralis,0.191,EltonTraits,NA
Canis lupus,Metazoa,Mammalia,Carnivora,Canidae,Canis,Canis lupus,37,Hein_etal_2012,NA
Canis lupus familiaris,Metazoa,Mammalia,Carnivora,Canidae,Canis,Canis lupus,37,Hein_etal_2012,NA
Capra hircus,Metazoa,Mammalia,Artiodactyla,Bovidae,Capra,Capra hircus,50.99998,Tamburello_etal_2015,NA
Castor canadensis,Metazoa,Mammalia,Rodentia,Castoridae,Castor,Castor canadensis,20.25,Jenkins_etal_2007,NA
Cebus capucinus,Metazoa,Mammalia,Primates,Cebidae,Cebus,Cebus capucinus,3.11,Galan-Acedo et al. 2019,NA
Centrocercus urophasianus,Metazoa,Aves,Galliformes,Phasianidae,Centrocercus,Centrocercus urophasianus,1.75,Tamburello_etal,NA
Cervus canadensis canadensis,Metazoa,Mammalia,Artiodactyla,Cervidae,Cervus,Cervus canadensis,270,Hein_etal_2012,NA
Cervus elaphus,Metazoa,Mammalia,Artiodactyla,Cervidae,Cervus,Cervus elaphus,234.75778,Tamburello_etal_2015,NA
Cervus elaphus canadensis,Metazoa,Mammalia,Artiodactyla,Cervidae,Cervus,Cervus canadensis,270,Hein_etal_2012,NA
Chaetodipus baileyi,Metazoa,Mammalia,Rodentia,Heteromyidae,Chaetodipus,Chaetodipus baileyi,0.02635,EltonTraits,NA
Chaetodipus formosus,Metazoa,Mammalia,Rodentia,Heteromyidae,Chaetodipus,Chaetodipus formosus,0.01945,EltonTraits,NA
Chaetodipus penicillatus,Metazoa,Mammalia,Rodentia,Heteromyidae,Chaetodipus,Chaetodipus penicillatus,0.01689,EltonTraits,NA
Chaetodipus spinatus,Metazoa,Mammalia,Rodentia,Heteromyidae,Chaetodipus,Chaetodipus spinatus,0.01635,EltonTraits,NA
Charadrius nivosus,Metazoa,Aves,Charadriiformes,Charadriidae,Anarhynchus,Anarhynchus nivosus,0.0423,EltonTraits,NA
Chordeiles acutipennis,Metazoa,Aves,Caprimulgiformes,Caprimulgidae,Chordeiles,Chordeiles acutipennis,0.04842,EltonTraits,NA
Chordeiles minor,Metazoa,Aves,Caprimulgiformes,Caprimulgidae,Chordeiles,Chordeiles minor,0.062,Hein_etal_2012,NA
Coendou mexicanus,Metazoa,Mammalia,Rodentia,Erethizontidae,Coendou,Coendou mexicanus,2,EltonTraits,NA
Colaptes auratus,Metazoa,Aves,Piciformes,Picidae,Colaptes,Colaptes auratus,0.132,Best_etal_1996,NA
Conepatus semistriatus,Metazoa,Mammalia,Carnivora,Mephitidae,Conepatus,Conepatus semistriatus,1.2,EltonTraits,NA
Corvus corax,Metazoa,Aves,Passeriformes,Corvidae,Corvus,Corvus corax,1.134,Armstrong_1965,NA
Cratogeomys merriami,Metazoa,Mammalia,Rodentia,Geomyidae,Cratogeomys,Cratogeomys merriami,0.41999,EltonTraits,NA
Crotalus atrox,Metazoa,Lepidosauria,Squamata,Viperidae,Crotalus,Crotalus atrox,0.006163066,RepTraits,NA
Crotalus cerastes,Metazoa,Lepidosauria,Squamata,Viperidae,Crotalus,Crotalus cerastes,3.138e-4,RepTraits,NA
Crotalus molossus,Metazoa,Lepidosauria,Squamata,Viperidae,Crotalus,Crotalus molossus,0.001302737,RepTraits,NA
Crotalus scutulatus,Metazoa,Lepidosauria,Squamata,Viperidae,Crotalus,Crotalus scutulatus,0.001387499,RepTraits,NA
Crotalus stephensi,Metazoa,Lepidosauria,Squamata,Viperidae,Crotalus,Crotalus stephensi,0.00116915,RepTraits,NA
Crotaphytus bicinctores,Metazoa,Lepidosauria,Squamata,Iguanidae,Crotaphytus,Crotaphytus bicinctores,5.24807e-5,RepTraits,NA
Cuniculus paca,Metazoa,Mammalia,Rodentia,Cuniculidae,Cuniculus,Cuniculus paca,8.17255,EltonTraits,NA
Cyrtonyx montezumae,Metazoa,Aves,Galliformes,Odontophoridae,Cyrtonyx,Cyrtonyx montezumae,0.18538,EltonTraits,NA
Dasyprocta punctata,Metazoa,Mammalia,Rodentia,Dasyproctidae,Dasyprocta,Dasyprocta punctata,2.67498,EltonTraits,NA
Dasypus novemcinctus,Metazoa,Mammalia,Cingulata,Dasypodidae,Dasypus,Dasypus novemcinctus,4.20378,EltonTraits,NA
Dendragapus obscurus,Metazoa,Aves,Galliformes,Phasianidae,Dendragapus,Dendragapus obscurus,1.05,Schoener_1968,NA
Didelphis marsupialis,Metazoa,Mammalia,Didelphimorphia,Didelphidae,Didelphis,Didelphis marsupialis,2.724,Harestad_ Bunnel_1979,NA
Didelphis virginiana,Metazoa,Mammalia,Didelphimorphia,Didelphidae,Didelphis,Didelphis virginiana,3.63,McNab_1963,NA
Dipodomys compactus,Metazoa,Mammalia,Rodentia,Heteromyidae,Dipodomys,Dipodomys compactus,0.04925,EltonTraits,NA
Dipodomys deserti,Metazoa,Mammalia,Rodentia,Heteromyidae,Dipodomys,Dipodomys deserti,0.1045,EltonTraits,NA
Dipodomys merriami,Metazoa,Mammalia,Rodentia,Heteromyidae,Dipodomys,Dipodomys merriami,0.04182,Tamburello_etal_2015,NA
Dipodomys microps,Metazoa,Mammalia,Rodentia,Heteromyidae,Dipodomys,Dipodomys microps,0.0546,EltonTraits,NA
Dipodomys venustus,Metazoa,Mammalia,Rodentia,Heteromyidae,Dipodomys,Dipodomys venustus,0.072,EltonTraits,NA
Equus caballus,Metazoa,Mammalia,Perissodactyla,Equidae,Equus,Equus caballus,427.99629,tamburello_etal,NA
Falcipennis canadensis,Metazoa,Aves,Galliformes,Phasianidae,Falcipennis,Falcipennis canadensis,0.456,Zammuto_1986,NA
Felis catus,Metazoa,Mammalia,Carnivora,Felidae,Felis,Felis catus,2.8848,EltonTraits,NA
Felis silvestris,Metazoa,Mammalia,Carnivora,Felidae,Felis,Felis silvestris,4.7,Gittleman and Harvey (1982),NA
Fulica americana,Metazoa,Aves,Gruiformes,Rallidae,Fulica,Fulica americana,0.63674,EltonTraits,NA
Gallus gallus,Metazoa,Aves,Galliformes,Phasianidae,Gallus,Gallus gallus,0.75172,EltonTraits,NA
Geomys breviceps,Metazoa,Mammalia,Rodentia,Geomyidae,Geomys,Geomys breviceps,0.13647,EltonTraits,NA
Geomys pinetis,Metazoa,Mammalia,Rodentia,Geomyidae,Geomys,Geomys pinetis,0.085,EltonTraits,NA
Glaucomys sabrinus,Metazoa,Mammalia,Rodentia,Sciuridae,Glaucomys,Glaucomys sabrinus,0.14884,Tamburello_etal_2015,NA
Gopherus agassizii,Metazoa,NA,Testudines,Testudinidae,Gopherus,Gopherus agassizii,2,Tamburello_etal,NA
Halichoerus grypus,Metazoa,Mammalia,Carnivora,Phocidae,Halichoerus,Halichoerus grypus,157.667,EltonTraits,NA
Heloderma suspectum,Metazoa,Lepidosauria,Squamata,Helodermatidae,Heloderma,Heloderma suspectum,9.77237e-4,RepTraits,NA
Ictidomys tridecemlineatus,Metazoa,Mammalia,Rodentia,Sciuridae,Ictidomys,Ictidomys tridecemlineatus,0.193,Harestad_ Bunnel_1979,NA
Lampropeltis triangulum,Metazoa,Lepidosauria,Squamata,Colubridae,Lampropeltis,Lampropeltis triangulum,0.165,Tamburello_etal_2015,NA
Lemmiscus curtatus,Metazoa,Mammalia,Rodentia,Cricetidae,Lemmiscus,Lemmiscus curtatus,0.02827,EltonTraits,NA
Leopardus pardalis,Metazoa,Mammalia,Carnivora,Felidae,Leopardus,Leopardus pardalis,9.98964,Tamburello_etal_2015,NA
Lepus americanus,Metazoa,Mammalia,Lagomorpha,Leporidae,Lepus,Lepus americanus,1.36079,Tamburello_etal_2015,NA
Lepus californicus,Metazoa,Mammalia,Lagomorpha,Leporidae,Lepus,Lepus californicus,2.26798,Tamburello_etal_2015,NA
Liomys pictus,Metazoa,Mammalia,Rodentia,Heteromyidae,Heteromys,Heteromys pictus,0.04,EltonTraits,NA
Lontra canadensis,Metazoa,Mammalia,Carnivora,Mustelidae,Lontra,Lontra canadensis,6.225,Prugh_etal_2008,NA
Lynx rufus,Metazoa,Mammalia,Carnivora,Felidae,Lynx,Lynx rufus,11.33992,Tamburello_etal_2015,NA
Mareca strepera strepera,Metazoa,Aves,Anseriformes,Anatidae,Mareca,Mareca strepera,0.719,Tamburello_etal,NA
Marmota caligata,Metazoa,Mammalia,Rodentia,Sciuridae,Marmota,Marmota caligata,7.23003,EltonTraits,NA
Marmota monax,Metazoa,Mammalia,Rodentia,Sciuridae,Marmota,Marmota monax,3.40197,Tamburello_etal_2015,NA
Marmota olympus,Metazoa,Mammalia,Rodentia,Sciuridae,Marmota,Marmota olympus,6.29999,EltonTraits,NA
Martes americana,Metazoa,Mammalia,Carnivora,Mustelidae,Martes,Martes americana,0.88349,Tamburello_etal_2015,NA
Martes americana caurina,Metazoa,Mammalia,Carnivora,Mustelidae,Martes,Martes americana,0.88349,Tamburello_etal_2015,NA
Masticophis flagellum,Metazoa,Lepidosauria,Squamata,Colubridae,Masticophis,Masticophis flagellum,0.001326225,RepTraits,NA
Mazama temama,Metazoa,Mammalia,Artiodactyla,Cervidae,Mazama,Mazama temama,18.80987,EltonTraits,NA
Meleagris gallopavo,Metazoa,Aves,Galliformes,Phasianidae,Meleagris,Meleagris gallopavo,6.023,Mace_Harvey_1983,NA
Meleagris gallopavo intermedia,Metazoa,Aves,Galliformes,Phasianidae,Meleagris,Meleagris gallopavo,6.023,Mace_Harvey_1983,NA
Microtus californicus,Metazoa,Mammalia,Rodentia,Cricetidae,Microtus,Microtus californicus,0.05742,EltonTraits,NA
Microtus montanus,Metazoa,Mammalia,Rodentia,Cricetidae,Microtus,Microtus montanus,0.0567,Tamburello_etal_2015,NA
Microtus pennsylvanicus,Metazoa,Mammalia,Rodentia,Cricetidae,Microtus,Microtus pennsylvanicus,0.04961,Tamburello_etal_2015,NA
Mirounga angustirostris,Metazoa,Mammalia,Carnivora,Phocidae,Mirounga,Mirounga angustirostris,750,EltonTraits,NA
Mus musculus,Metazoa,Mammalia,Rodentia,Muridae,Mus,Mus musculus,0.014,Mace_Harvey_1983,NA
Mustela frenata,Metazoa,Mammalia,Carnivora,Mustelidae,Mustela,Mustela frenata,0.165,Harestad_ Bunnel_1979,NA
Nasua narica,Metazoa,Mammalia,Carnivora,Procyonidae,Nasua,Nasua narica,5,Gittleman and Harvey (1982),NA
Nasua nasua,Metazoa,Mammalia,Carnivora,Procyonidae,Nasua,Nasua nasua,3.79385,EltonTraits,NA
Neosciurus carolinensis,Metazoa,Mammalia,Rodentia,Sciuridae,Sciurus,Sciurus carolinensis,0.625,Mace_Harvey_1983,NA
Neotoma floridana,Metazoa,Mammalia,Rodentia,Cricetidae,Neotoma,Neotoma floridana,0.24475,EltonTraits,NA
Neotoma lepida,Metazoa,Mammalia,Rodentia,Cricetidae,Neotoma,Neotoma lepida,0.16375,EltonTraits,NA
Neurotrichus gibbsii,Metazoa,Mammalia,Eulipotyphla,Talpidae,Neurotrichus,Neurotrichus gibbsii,0.0095,Harestad and Bunnel 1979,NA
Ochrotomys nuttalli,Metazoa,Mammalia,Rodentia,Cricetidae,Ochrotomys,Ochrotomys nuttalli,0.02237,EltonTraits,NA
Odocoileus hemionus,Metazoa,Mammalia,Artiodactyla,Cervidae,Odocoileus,Odocoileus hemionus,53.86417,Tamburello_etal_2015,NA
Odocoileus hemionus californicus,Metazoa,Mammalia,Artiodactyla,Cervidae,Odocoileus,Odocoileus hemionus,53.86417,Tamburello_etal_2015,NA
Odocoileus hemionus columbianus,Metazoa,Mammalia,Artiodactyla,Cervidae,Odocoileus,Odocoileus hemionus,53.86417,Tamburello_etal_2015,NA
Odocoileus virginianus,Metazoa,Mammalia,Artiodactyla,Cervidae,Odocoileus,Odocoileus virginianus,87.88404,Tamburello_etal_2015,NA
Oncorhynchus gorbuscha,Metazoa,Actinopteri,Salmoniformes,Salmonidae,Oncorhynchus,Oncorhynchus gorbuscha,3.74,EOL,NA
Ondatra zibethicus,Metazoa,Mammalia,Rodentia,Cricetidae,Ondatra,Ondatra zibethicus,1.36079,Tamburello_etal,NA
Onychomys arenicola,Metazoa,Mammalia,Rodentia,Cricetidae,Onychomys,Onychomys arenicola,0.03,EltonTraits,NA
Oreamnos americanus,Metazoa,Mammalia,Artiodactyla,Bovidae,Oreamnos,Oreamnos americanus,72.50033,EltonTraits,NA
Oryctolagus cuniculus,Metazoa,Mammalia,Lagomorpha,Leporidae,Oryctolagus,Oryctolagus cuniculus,1.6,Tamburello_etal_2015,NA
Oryx gazella,Metazoa,Mammalia,Artiodactyla,Bovidae,Oryx,Oryx gazella,169.00128,EltonTraits,NA
Oryzomys melanotis,Metazoa,Mammalia,Rodentia,Cricetidae,Handleyomys,Handleyomys melanotis,0.05,EltonTraits,NA
Osgoodomys banderanus,Metazoa,Mammalia,Rodentia,Cricetidae,Osgoodomys,Osgoodomys banderanus,0.05,EltonTraits,NA
Otospermophilus beecheyi,Metazoa,Mammalia,Rodentia,Sciuridae,Otospermophilus,Otospermophilus beecheyi,0.72575,Tamburello_etal_2015,NA
Otospermophilus variegatus,Metazoa,Mammalia,Rodentia,Sciuridae,Otospermophilus,Otospermophilus variegatus,0.69164,EltonTraits,NA
Ovis ammon,Metazoa,Mammalia,Artiodactyla,Bovidae,Ovis,Ovis ammon,180,EltonTraits,NA
Ovis aries,Metazoa,Mammalia,Artiodactyla,Bovidae,Ovis,Ovis aries,50,EltonTraits,NA
Ovis canadensis,Metazoa,Mammalia,Artiodactyla,Bovidae,Ovis,Ovis canadensis,90.71936,Tamburello_etal_2015,NA
Ovis canadensis mexicana,Metazoa,Mammalia,Artiodactyla,Bovidae,Ovis,Ovis canadensis,90.71936,Tamburello_etal_2015,NA
Ovis canadensis nelsoni,Metazoa,Mammalia,Artiodactyla,Bovidae,Ovis,Ovis canadensis,90.71936,Tamburello_etal_2015,NA
Ovis dalli,Metazoa,Mammalia,Artiodactyla,Bovidae,Ovis,Ovis dalli,55.65062,EltonTraits,NA
Panthera onca,Metazoa,Mammalia,Carnivora,Felidae,Panthera,Panthera onca,84.04077,Tamburello_etal,NA
Parabuteo unicinctus,Metazoa,Aves,Accipitriformes,Accipitridae,Parabuteo,Parabuteo unicinctus,0.73,Makarieva_etal_2005,NA
Passerculus sandwichensis,Metazoa,Aves,Passeriformes,Passerellidae,Passerculus,Passerculus sandwichensis,0.02,Best_etal_1996,NA
Pecari tajacu,Metazoa,Mammalia,Artiodactyla,Tayassuidae,Dicotyles,Dicotyles tajacu,21.26669,EltonTraits,NA
Pelecanus occidentalis,Metazoa,Aves,Pelecaniformes,Pelecanidae,Pelecanus,Pelecanus occidentalis,3.42784,EltonTraits,NA
Perognathus fasciatus,Metazoa,Mammalia,Rodentia,Heteromyidae,Perognathus,Perognathus fasciatus,0.01155,EltonTraits,NA
Perognathus parvus,Metazoa,Mammalia,Rodentia,Heteromyidae,Perognathus,Perognathus parvus,0.02178,EltonTraits,NA
Peromyscus aztecus,Metazoa,Mammalia,Rodentia,Cricetidae,Peromyscus,Peromyscus aztecus,0.04,EltonTraits,NA
Peromyscus boylii,Metazoa,Mammalia,Rodentia,Cricetidae,Peromyscus,Peromyscus boylii,0.02135,EltonTraits,NA
Peromyscus crinitus,Metazoa,Mammalia,Rodentia,Cricetidae,Peromyscus,Peromyscus crinitus,0.01798,EltonTraits,NA
Peromyscus gossypinus,Metazoa,Mammalia,Rodentia,Cricetidae,Peromyscus,Peromyscus gossypinus,0.02939,EltonTraits,NA
Peromyscus leucopus,Metazoa,Mammalia,Rodentia,Cricetidae,Peromyscus,Peromyscus leucopus,0.021,Hein_etal_2012,NA
Peromyscus maniculatus,Metazoa,Mammalia,Rodentia,Cricetidae,Peromyscus,Peromyscus maniculatus,0.016,Harestad_ Bunnel_1979,NA
Peromyscus perfulvus,Metazoa,Mammalia,Rodentia,Cricetidae,Peromyscus,Peromyscus perfulvus,0.04,EltonTraits,NA
Peromyscus polionotus,Metazoa,Mammalia,Rodentia,Cricetidae,Peromyscus,Peromyscus polionotus,0.01295,EltonTraits,NA
Philander opossum,Metazoa,Mammalia,Didelphimorphia,Didelphidae,Philander,Philander opossum,0.5855,EltonTraits,NA
Phoca vitulina,Metazoa,Mammalia,Carnivora,Phocidae,Phoca,Phoca vitulina,100,EltonTraits,NA
Phrynosoma cornutum,Metazoa,Lepidosauria,Squamata,Phrynosomatidae,Phrynosoma,Phrynosoma cornutum,0.055,Perry_Garland_2002,NA
Pituophis catenifer,Metazoa,Lepidosauria,Squamata,Colubridae,Pituophis,Pituophis catenifer,0.001586314,RepTraits,NA
Pituophis melanoleucus,Metazoa,Lepidosauria,Squamata,Colubridae,Pituophis,Pituophis melanoleucus,1.004,Tamburello_etal_2015,NA
Procyon lotor,Metazoa,Mammalia,Carnivora,Procyonidae,Procyon,Procyon lotor,8,Swihart_etal_1988,NA
Pseudacris regilla,Metazoa,Amphibia,Anura,Hylidae,Pseudacris,Pseudacris regilla,3.5e-4,"Stebbins, R. 2003. A Field Guide to Western Reptiles and Amphibians. Singapore: Houghton Mifflin Company.",NA
Puma concolor,Metazoa,Mammalia,Carnivora,Felidae,Puma,Puma concolor,89.99948,Tamburello_etal_2015,NA
Rana draytonii,Metazoa,Amphibia,Anura,Ranidae,Rana,Rana draytonii,0.032,NA,"Gary M. Fellers, Patrick M. Kleeman 2007. California Red-Legged Frog (Rana draytonii) Movement and Habitat Use: Implications for Conservation"
Rangifer tarandus,Metazoa,Mammalia,Artiodactyla,Cervidae,Rangifer,Rangifer tarandus,102.05869,Tamburello_etal_2015,NA
Rattus norvegicus,Metazoa,Mammalia,Rodentia,Muridae,Rattus,Rattus norvegicus,0.33833,EltonTraits,NA
Reithrodontomys fulvescens,Metazoa,Mammalia,Rodentia,Cricetidae,Reithrodontomys,Reithrodontomys fulvescens,0.0114,EltonTraits,NA
Reithrodontomys humulis,Metazoa,Mammalia,Rodentia,Cricetidae,Reithrodontomys,Reithrodontomys humulis,0.00831,EltonTraits,NA
Reithrodontomys megalotis,Metazoa,Mammalia,Rodentia,Cricetidae,Reithrodontomys,Reithrodontomys megalotis,0.009,Mace_Harvey_1983,NA
Rena humilis,Metazoa,Lepidosauria,Squamata,Leptotyphlopidae,Rena,Rena humilis,1.08788e-5,RepTraits,NA
Romerolagus diazi,Metazoa,Mammalia,Lagomorpha,Leporidae,Romerolagus,Romerolagus diazi,0.47665,EltonTraits,NA
Sauromalus ater,Metazoa,Lepidosauria,Squamata,Iguanidae,Sauromalus,Sauromalus ater,5.24807e-4,RepTraits,NA
Scalopus aquaticus,Metazoa,Mammalia,Eulipotyphla,Talpidae,Scalopus,Scalopus aquaticus,0.1035,Tamburello_etal_2015,NA
Scapanus latimanus,Metazoa,Mammalia,Eulipotyphla,Talpidae,Scapanus,Scapanus latimanus,0.055,EltonTraits,NA
Sciurus carolinensis,Metazoa,Mammalia,Rodentia,Sciuridae,Sciurus,Sciurus carolinensis,0.625,Mace_Harvey_1983,NA
Sciurus griseus,Metazoa,Mammalia,Rodentia,Sciuridae,Hesperosciurus,Hesperosciurus griseus,0.731,EltonTraits,NA
Sciurus niger,Metazoa,Mammalia,Rodentia,Sciuridae,Sciurus,Sciurus niger,0.95299,Tamburello_etal_2015,NA
Sigmodon fulviventer,Metazoa,Mammalia,Rodentia,Cricetidae,Sigmodon,Sigmodon fulviventer,0.214,EltonTraits,NA
Sigmodon hispidus,Metazoa,Mammalia,Rodentia,Cricetidae,Sigmodon,Sigmodon hispidus,0.08,Mace_Harvey_1983,NA
Sigmodon mascotensis,Metazoa,Mammalia,Rodentia,Cricetidae,Sigmodon,Sigmodon mascotensis,0.12,EltonTraits,NA
Sonora occipitalis,Metazoa,Lepidosauria,Squamata,Colubridae,Sonora,Sonora occipitalis,1.39153e-5,RepTraits,NA
Sorex cinereus,Metazoa,Mammalia,Eulipotyphla,Soricidae,Sorex,Sorex cinereus,0.00417,Tamburello_etal_2015,NA
Sus scrofa,Metazoa,Mammalia,Artiodactyla,Suidae,Sus,Sus scrofa,96.11809,EltonTraits,NA
Sylvilagus aquaticus,Metazoa,Mammalia,Lagomorpha,Leporidae,Sylvilagus,Sylvilagus aquaticus,2.198,Harestad and Bunnel 1979,NA
Sylvilagus audubonii,Metazoa,Mammalia,Lagomorpha,Leporidae,Sylvilagus,Sylvilagus audubonii,0.88963,EltonTraits,NA
Sylvilagus bachmani,Metazoa,Mammalia,Lagomorpha,Leporidae,Sylvilagus,Sylvilagus bachmani,0.695,Harestad_ Bunnel_1979,NA
Sylvilagus cunicularius,Metazoa,Mammalia,Lagomorpha,Leporidae,Sylvilagus,Sylvilagus cunicularius,2.99999,EltonTraits,NA
Sylvilagus dicei,Metazoa,Mammalia,Lagomorpha,Leporidae,Sylvilagus,Sylvilagus dicei,1.34335,EltonTraits,NA
Sylvilagus floridanus,Metazoa,Mammalia,Lagomorpha,Leporidae,Sylvilagus,Sylvilagus floridanus,1.36079,Tamburello_etal_2015,NA
Sylvilagus nuttallii,Metazoa,Mammalia,Lagomorpha,Leporidae,Sylvilagus,Sylvilagus nuttallii,0.75509,EltonTraits,NA
Tamandua mexicana,Metazoa,Mammalia,Pilosa,Myrmecophagidae,Tamandua,Tamandua mexicana,4.20998,EltonTraits,NA
Tamias alpinus,Metazoa,Mammalia,Rodentia,Sciuridae,Tamias,Neotamias alpinus,0.03655,EltonTraits,NA
Tamias dorsalis,Metazoa,Mammalia,Rodentia,Sciuridae,Tamias,Tamias dorsalis,0.0711,EltonTraits,NA
Tamias merriami,Metazoa,Mammalia,Rodentia,Sciuridae,Tamias,Tamias merriami,0.0748,EltonTraits,NA
Tamias minimus,Metazoa,Mammalia,Rodentia,Sciuridae,Tamias,Tamias minimus,0.045,Swihart_etal_1988,NA
Tamias striatus,Metazoa,Mammalia,Rodentia,Sciuridae,Tamias,Tamias striatus,0.085,Harestad_ Bunnel_1979,NA
Tamiasciurus hudsonicus,Metazoa,Mammalia,Rodentia,Sciuridae,Tamiasciurus,Tamiasciurus hudsonicus,0.22396,Tamburello_etal_2015,NA
Tapirus bairdii,Metazoa,Mammalia,Perissodactyla,Tapiridae,Tapirus,Tapirus bairdii,299.99913,EltonTraits,NA
Taricha torosa,Metazoa,Amphibia,Caudata,Salamandridae,Taricha,Taricha torosa,0.0097,"Henry J. Harlow 1977. Seasonal Oxygen Metabolism and Cutaneous Osmoregulation in the California Newt, Taricha Torosa",NA
Taxidea taxus,Metazoa,Mammalia,Carnivora,Mustelidae,Taxidea,Taxidea taxus,8.61827,Tamburello_etal_2015,NA
Thamnophis atratus,Metazoa,Lepidosauria,Squamata,Colubridae,Thamnophis,Thamnophis atratus,3.54858e-4,RepTraits,NA
Thomomys bottae,Metazoa,Mammalia,Rodentia,Geomyidae,Thomomys,Thomomys bottae,0.16018,Tamburello_etal_2015,NA
Thomomys mazama,Metazoa,Mammalia,Rodentia,Geomyidae,Thomomys,Thomomys mazama,0.075,EltonTraits,NA
Thomomys townsendii,Metazoa,Mammalia,Rodentia,Geomyidae,Thomomys,Thomomys townsendii,0.26335,EltonTraits,NA
Urocitellus armatus,Metazoa,Mammalia,Rodentia,Sciuridae,Urocitellus,Urocitellus armatus,0.313,EltonTraits,NA
Urocitellus columbianus,Metazoa,Mammalia,Rodentia,Sciuridae,Urocitellus,Urocitellus columbianus,0.57834,Tamburello_etal_2015,NA
Urocitellus townsendii,Metazoa,Mammalia,Rodentia,Sciuridae,Urocitellus,Urocitellus townsendii,0.213,EltonTraits,NA
Urocitellus washingtoni,Metazoa,Mammalia,Rodentia,Sciuridae,Urocitellus,Urocitellus washingtoni,0.2075,EltonTraits,NA
Urocyon cinereoargenteus,Metazoa,Mammalia,Carnivora,Canidae,Urocyon,Urocyon cinereoargenteus,3.834,EOL,NA
Ursus americanus,Metazoa,Mammalia,Carnivora,Ursidae,Ursus,Ursus americanus,100,Hein_etal_2012,NA
Vulpes macrotis,Metazoa,Mammalia,Carnivora,Canidae,Vulpes,Vulpes macrotis,4.49997,EltonTraits,NA
Vulpes macrotis mutica,Metazoa,Mammalia,Carnivora,Canidae,Vulpes,Vulpes macrotis,4.49997,EltonTraits,NA
Vulpes velox,Metazoa,Mammalia,Carnivora,Canidae,Vulpes,Vulpes velox,2.0893,Tamburello_etal_2015,NA
Vulpes vulpes,Metazoa,Mammalia,Carnivora,Canidae,Vulpes,Vulpes vulpes,4.1,Gittleman_Harvey_1982,NA
Xerospermophilus mohavensis,Metazoa,Mammalia,Rodentia,Sciuridae,Xerospermophilus,Xerospermophilus mohavensis,0.19,EltonTraits,NA
Xerospermophilus tereticaudus,Metazoa,Mammalia,Rodentia,Sciuridae,Xerospermophilus,Xerospermophilus tereticaudus,0.1565,EltonTraits,NA
Zalophus californianus,Metazoa,Mammalia,Carnivora,Otariidae,Zalophus,Zalophus californianus,80,EltonTraits,NA
Zapus hudsonius,Metazoa,Mammalia,Rodentia,Dipodidae,Zapus,Zapus hudsonius,0.022,Mace_Harvey_1983,NA
Zenaida asiatica,Metazoa,Aves,Columbiformes,Columbidae,Zenaida,Zenaida asiatica,0.153,EltonTraits,NA
Alcelaphus buselaphus,Metazoa,Mammalia,Artiodactyla,Bovidae,Alcelaphus,Alcelaphus buselaphus,171.00153,EltonTraits,NA
Antidorcas marsupialis,Metazoa,Mammalia,Artiodactyla,Bovidae,Antidorcas,Antidorcas marsupialis,32,Hein_Gillooly_2011,NA
Capra hircus aegagrus,Metazoa,Mammalia,Artiodactyla,Bovidae,Capra,Capra aegagrus,54.25,EltonTraits,NA
Caracal caracal,Metazoa,Mammalia,Carnivora,Felidae,Caracal,Caracal caracal,12.9999,Tamburello_etal_2015,NA
Connochaetes gnou,Metazoa,Mammalia,Artiodactyla,Bovidae,Connochaetes,Connochaetes gnou,179.99896,EltonTraits,NA
Connochaetes taurinus,Metazoa,Mammalia,Artiodactyla,Bovidae,Connochaetes,Connochaetes taurinus,140,Hein_etal_2012,NA
Cryptomys hottentotus,Metazoa,Mammalia,Rodentia,Bathyergidae,Cryptomys,Cryptomys hottentotus,0.10195,EltonTraits,NA
Cynictis penicillata,Metazoa,Mammalia,Carnivora,Herpestidae,Cynictis,Cynictis penicillata,0.62,Tamburello_etal,NA
Damaliscus lunatus,Metazoa,Mammalia,Artiodactyla,Bovidae,Damaliscus,Damaliscus lunatus,136.00034,EltonTraits,NA
Damaliscus pygargus,Metazoa,Mammalia,Artiodactyla,Bovidae,Damaliscus,Damaliscus pygargus,102,EltonTraits,NA
Dasymys incomtus,Metazoa,Mammalia,Rodentia,Muridae,Dasymys,Dasymys incomtus,0.1383,EltonTraits,NA
Dendromus melanotis,Metazoa,Mammalia,Rodentia,Nesomyidae,Dendromus,Dendromus melanotis,0.00906,EltonTraits,NA
Equus asinus,Metazoa,Mammalia,Perissodactyla,Equidae,Equus,Equus asinus,244.99925,EltonTraits,NA
Equus quagga,Metazoa,Mammalia,Perissodactyla,Equidae,Equus,Equus quagga,400,EltonTraits,NA
Eudorcas thomsonii,Metazoa,Mammalia,Artiodactyla,Bovidae,Eudorcas,Eudorcas thomsonii,22.90743,EltonTraits,NA
Gerbilliscus brantsii,Metazoa,Mammalia,Rodentia,Muridae,Gerbilliscus,Gerbilliscus brantsii,0.08941,EltonTraits,NA
Giraffa camelopardalis,Metazoa,Mammalia,Artiodactyla,Giraffidae,Giraffa,Giraffa camelopardalis,899.9948,EltonTraits,NA
Hystrix africaeaustralis,Metazoa,Mammalia,Rodentia,Hystricidae,Hystrix,Hystrix africaeaustralis,14.93602,EltonTraits,NA
Ictonyx striatus,Metazoa,Mammalia,Carnivora,Mustelidae,Ictonyx,Ictonyx striatus,1.29999,EltonTraits,NA
Kobus ellipsiprymnus,Metazoa,Mammalia,Artiodactyla,Bovidae,Kobus,Kobus ellipsiprymnus,210.00034,EltonTraits,NA
Lepus capensis,Metazoa,Mammalia,Lagomorpha,Leporidae,Lepus,Lepus capensis,3.26167,EltonTraits,NA
Madoqua kirkii,Metazoa,Mammalia,Artiodactyla,Bovidae,Madoqua,Madoqua kirkii,5.30005,EltonTraits,NA
Mastomys natalensis,Metazoa,Mammalia,Rodentia,Muridae,Mastomys,Mastomys natalensis,0.05454,EltonTraits,NA
Micaelamys namaquensis,Metazoa,Mammalia,Rodentia,Muridae,Micaelamys,Micaelamys namaquensis,0.0571,EltonTraits,NA
Mus minutoides,Metazoa,Mammalia,Rodentia,Muridae,Mus,Mus minutoides,0.00701,EltonTraits,NA
Myosorex varius,Metazoa,Mammalia,Eulipotyphla,Soricidae,Myosorex,Myosorex varius,0.0132,EltonTraits,NA
Oreotragus oreotragus,Metazoa,Mammalia,Artiodactyla,Bovidae,Oreotragus,Oreotragus oreotragus,12.9999,EltonTraits,NA
Orycteropus afer,Metazoa,Mammalia,Tubulidentata,Orycteropodidae,Orycteropus,Orycteropus afer,52.3504,EltonTraits,NA
Otocyon megalotis,Metazoa,Mammalia,Carnivora,Canidae,Otocyon,Otocyon megalotis,4.15002,EltonTraits,NA
Otomys irroratus,Metazoa,Mammalia,Rodentia,Muridae,Otomys,Otomys irroratus,0.11802,EltonTraits,NA
Ourebia ourebi,Metazoa,Mammalia,Artiodactyla,Bovidae,Ourebia,Ourebia ourebi,17.25004,EltonTraits,NA
Papio ursinus,Metazoa,Mammalia,Primates,Cercopithecidae,Papio,Papio ursinus,17.72944,EltonTraits,NA
Pedetes capensis,Metazoa,Mammalia,Rodentia,Pedetidae,Pedetes,Pedetes capensis,3.155,EltonTraits,NA
Phacochoerus africanus,Metazoa,Mammalia,Artiodactyla,Suidae,Phacochoerus,Phacochoerus africanus,82.5,EltonTraits,NA
Procavia capensis,Metazoa,Mammalia,Hyracoidea,Procaviidae,Procavia,Procavia capensis,3.02998,EltonTraits,NA
Raphicerus campestris,Metazoa,Mammalia,Artiodactyla,Bovidae,Raphicerus,Raphicerus campestris,10.50002,EltonTraits,NA
Rattus rattus,Metazoa,Mammalia,Rodentia,Muridae,Rattus,Rattus rattus,0.22913,EltonTraits,NA
Redunca arundinum,Metazoa,Mammalia,Artiodactyla,Bovidae,Redunca,Redunca arundinum,58.00027,EltonTraits,NA
Redunca fulvorufula,Metazoa,Mammalia,Artiodactyla,Bovidae,Redunca,Redunca fulvorufula,29.49986,EltonTraits,NA
Rhabdomys pumilio,Metazoa,Mammalia,Rodentia,Muridae,Rhabdomys,Rhabdomys pumilio,0.04112,EltonTraits,NA
Suricata suricatta,Metazoa,Mammalia,Carnivora,Herpestidae,Suricata,Suricata suricatta,0.7255,EltonTraits,NA
Sylvicapra grimmia,Metazoa,Mammalia,Artiodactyla,Bovidae,Sylvicapra,Sylvicapra grimmia,19.49979,EltonTraits,NA
Syncerus caffer,Metazoa,Mammalia,Artiodactyla,Bovidae,Syncerus,Syncerus caffer,580.00268,EltonTraits,NA
Tragelaphus angasii,Metazoa,Mammalia,Artiodactyla,Bovidae,Tragelaphus,Tragelaphus angasii,86.60042,EltonTraits,NA
Tragelaphus oryx,Metazoa,Mammalia,Artiodactyla,Bovidae,Tragelaphus,Tragelaphus oryx,635.03842,Tamburello_etal_2015,NA
Tragelaphus scriptus sylvaticus,Metazoa,Mammalia,Artiodactyla,Bovidae,Tragelaphus,Tragelaphus scriptus,43.25039,EltonTraits,NA
Tragelaphus strepsiceros,Metazoa,Mammalia,Artiodactyla,Bovidae,Tragelaphus,Tragelaphus strepsiceros,213.50104,EltonTraits,NA
Vulpes chama,Metazoa,Mammalia,Carnivora,Canidae,Vulpes,Vulpes chama,2.95502,EltonTraits,NA
Xerus inauris,Metazoa,Mammalia,Rodentia,Sciuridae,Xerus,Xerus inauris,0.529,EltonTraits,NA
Canis latrans,Metazoa,Mammalia,Carnivora,Canidae,Canis,Canis latrans,14.06,Jenkins_etal_2007,NA
Arvicanthis abyssinicus,Metazoa,Mammalia,Rodentia,Muridae,Arvicanthis,Arvicanthis abyssinicus,0.0771,EltonTraits,NA
Arvicanthis blicki,Metazoa,Mammalia,Rodentia,Muridae,Arvicanthis,Arvicanthis blicki,0.128,EltonTraits,NA
Dendromus lovati,Metazoa,Mammalia,Rodentia,Nesomyidae,Dendromus,Dendromus lovati,0.012,EltonTraits,NA
Lepus starcki,Metazoa,Mammalia,Lagomorpha,Leporidae,Lepus,Lepus starcki,2.75,EltonTraits,NA
Lophuromys flavopunctatus,Metazoa,Mammalia,Rodentia,Muridae,Lophuromys,Lophuromys flavopunctatus,0.06,EltonTraits,NA
Otomys typus,Metazoa,Mammalia,Rodentia,Muridae,Otomys,Otomys typus,0.11544,EltonTraits,NA
Spalax giganteus,Metazoa,Mammalia,Rodentia,Spalacidae,Spalax,Spalax giganteus,0.30196,EltonTraits,NA
Stenocephalemys albipes,Metazoa,Mammalia,Rodentia,Muridae,Stenocephalemys,Stenocephalemys albipes,0.05281,EltonTraits,NA
Stenocephalemys albocaudata,Metazoa,Mammalia,Rodentia,Muridae,Stenocephalemys,Stenocephalemys albocaudata,0.144,EltonTraits,NA
Stenocephalemys griseicauda,Metazoa,Mammalia,Rodentia,Muridae,Stenocephalemys,Stenocephalemys griseicauda,0.08575,EltonTraits,NA
Tachyoryctes macrocephalus,Metazoa,Mammalia,Rodentia,Spalacidae,Tachyoryctes,Tachyoryctes macrocephalus,0.59699,EltonTraits,NA
Tachyoryctes splendens,Metazoa,Mammalia,Rodentia,Spalacidae,Tachyoryctes,Tachyoryctes splendens,0.21225,EltonTraits,NA
Alces americanus,Metazoa,Mammalia,Artiodactyla,Cervidae,Alces,Alces americanus,541.46044,EltonTraits,NA
Dipodomys californicus,Metazoa,Mammalia,Rodentia,Heteromyidae,Dipodomys,Dipodomys californicus,0.08496,EltonTraits,NA
Equus hemionus,Metazoa,Mammalia,Perissodactyla,Equidae,Equus,Equus hemionus,240,EltonTraits,NA
Myodes gapperi,Metazoa,Mammalia,Rodentia,Cricetidae,Clethrionomys,Clethrionomys gapperi,0.01983,EltonTraits,NA
Phasianus colchicus,Metazoa,Aves,Galliformes,Phasianidae,Phasianus,Phasianus colchicus,1.136,Mace_Harvey_1983,NA
Arctonyx collaris,Metazoa,Mammalia,Carnivora,Mustelidae,Arctonyx,Arctonyx collaris,6.356,EltonTraits,NA
Atherurus macrourus,Metazoa,Mammalia,Rodentia,Hystricidae,Atherurus,Atherurus macrourus,2,EltonTraits,NA
Axis axis,Metazoa,Mammalia,Artiodactyla,Cervidae,Axis,Axis axis,67.28185,EltonTraits,NA
Axis porcinus,Metazoa,Mammalia,Artiodactyla,Cervidae,Axis,Axis porcinus,34.4185,EltonTraits,NA
Bos frontalis,Metazoa,Mammalia,Artiodactyla,Bovidae,Bos,Bos frontalis,800,EltonTraits,NA
Bos gaurus,Metazoa,Mammalia,Artiodactyla,Bovidae,Bos,Bos gaurus,1100,"Ogilvie, C. S. (1953). ""The behaviour of seladang (Bos gaurus)"". Oryx. 2 (3): 167¡V169.",NA
Bos grunniens mutus,Metazoa,Mammalia,Artiodactyla,Bovidae,Bos,Bos mutus,416.5,EltonTraits,NA
Bos javanicus,Metazoa,Mammalia,Artiodactyla,Bovidae,Bos,Bos javanicus,625,EltonTraits,NA
Capreolus pygargus,Metazoa,Mammalia,Artiodactyla,Cervidae,Capreolus,Capreolus pygargus,40,Hein_etal_2012,NA
Capricornis milneedwardsii,Metazoa,Mammalia,Artiodactyla,Bovidae,Capricornis,Capricornis milneedwardsii,69.09352,EltonTraits,NA
Capricornis sumatraensis,Metazoa,Mammalia,Artiodactyla,Bovidae,Capricornis,Capricornis sumatraensis,110.94222,EltonTraits,NA
Cuon alpinus,Metazoa,Mammalia,Carnivora,Canidae,Cuon,Cuon alpinus,14.17333,EltonTraits,NA
Elaphodus cephalophus,Metazoa,Mammalia,Artiodactyla,Cervidae,Elaphodus,Elaphodus cephalophus,33.5,EltonTraits,NA
Gazella bennettii,Metazoa,Mammalia,Artiodactyla,Bovidae,Gazella,Gazella bennettii,18.91667,EltonTraits,NA
Hemitragus hylocrius,Metazoa,Mammalia,Artiodactyla,Bovidae,Nilgiritragus,Nilgiritragus hylocrius,75,EltonTraits,NA
Hemitragus jemlahicus,Metazoa,Mammalia,Artiodactyla,Bovidae,Hemitragus,Hemitragus jemlahicus,35.2,EltonTraits,NA
Herpestes edwardsi,Metazoa,Mammalia,Carnivora,Herpestidae,Herpestes,Herpestes edwardsi,1.30467,EltonTraits,NA
Hystrix indica,Metazoa,Mammalia,Rodentia,Hystricidae,Hystrix,Hystrix indica,12.43583,EltonTraits,NA
Lepus nigricollis,Metazoa,Mammalia,Lagomorpha,Leporidae,Lepus,Lepus nigricollis,2.2985,EltonTraits,NA
Moschiola indica,Metazoa,Mammalia,Artiodactyla,Tragulidae,Moschiola,Moschiola indica,2.93814,EltonTraits,NA
Moschiola meminna,Metazoa,Mammalia,Artiodactyla,Tragulidae,Moschiola,Moschiola meminna,2.93814,EltonTraits,NA
Muntiacus muntjak,Metazoa,Mammalia,Artiodactyla,Cervidae,Muntiacus,Muntiacus muntjak,15.92579,EltonTraits,NA
Muntiacus muntjak vaginalis,Metazoa,Mammalia,Artiodactyla,Cervidae,Muntiacus,Muntiacus vaginalis,15.92579,EltonTraits,NA
Muntiacus vaginalis,Metazoa,Mammalia,Artiodactyla,Cervidae,Muntiacus,Muntiacus vaginalis,15.92579,EltonTraits,NA
Muntiacus vuquangensis,Metazoa,Mammalia,Artiodactyla,Cervidae,Muntiacus,Muntiacus vuquangensis,36.69082,EltonTraits,NA
Naemorhedus goral,Metazoa,Mammalia,Artiodactyla,Bovidae,Naemorhedus,Naemorhedus goral,28.5,EltonTraits,NA
Nilgiritragus hylocrius,Metazoa,Mammalia,Artiodactyla,Bovidae,Nilgiritragus,Nilgiritragus hylocrius,75,EltonTraits,NA
Ochotona roylii,Metazoa,Mammalia,Lagomorpha,Ochotonidae,Ochotona,Ochotona roylei,0.26,EltonTraits,NA
Paradoxurus jerdoni,Metazoa,Mammalia,Carnivora,Viverridae,Paradoxurus,Paradoxurus jerdoni,2.78075,EltonTraits,NA
Pseudois nayaur,Metazoa,Mammalia,Artiodactyla,Bovidae,Pseudois,Pseudois nayaur,45,EltonTraits,NA
Rucervus eldii,Metazoa,Mammalia,Artiodactyla,Cervidae,Rucervus,Rucervus eldii,95.47161,EltonTraits,NA
Rusa unicolor,Metazoa,Mammalia,Artiodactyla,Cervidae,Rusa,Rusa unicolor,177.5229,EltonTraits,NA
Rusa unicolor cambojensis,Metazoa,Mammalia,Artiodactyla,Cervidae,Rusa,Rusa unicolor,177.5229,EltonTraits,NA
Semnopithecus entellus,Metazoa,Mammalia,Primates,Cercopithecidae,Semnopithecus,Semnopithecus entellus,11.52983,EltonTraits,NA
Tetracerus quadricornis,Metazoa,Mammalia,Artiodactyla,Bovidae,Tetracerus,Tetracerus quadricornis,19,EltonTraits,NA
Trachypithecus geei,Metazoa,Mammalia,Primates,Cercopithecidae,Trachypithecus,Trachypithecus geei,8.35,EltonTraits,NA
Ursus thibetanus,Metazoa,Mammalia,Carnivora,Ursidae,Ursus,Ursus thibetanus,77.5,EltonTraits,NA
Viverricula indica,Metazoa,Mammalia,Carnivora,Viverridae,Viverricula,Viverricula indica,2.90843,EltonTraits,NA
Aepyceros melampus melampus,Metazoa,Mammalia,Artiodactyla,Bovidae,Aepyceros,Aepyceros melampus,63.50384,Tamburello_etal_2015,NA
Alcelaphus buselaphus cokii,Metazoa,Mammalia,Artiodactyla,Bovidae,Alcelaphus,Alcelaphus buselaphus,171.00153,EltonTraits,NA
Beatragus hunteri,Metazoa,Mammalia,Artiodactyla,Bovidae,Beatragus,Beatragus hunteri,79.13217,EltonTraits,NA
Cephalophus natalensis,Metazoa,Mammalia,Artiodactyla,Bovidae,Cephalophorus,Cephalophorus natalensis,11.99997,EltonTraits,NA
Ceratotherium simum,Metazoa,Mammalia,Perissodactyla,Rhinocerotidae,Ceratotherium,Ceratotherium simum,2949.98631,EltonTraits,NA
Connochaetes taurinus mearnsi,Metazoa,Mammalia,Artiodactyla,Bovidae,Connochaetes,Connochaetes taurinus,140,Hein_etal_2012,NA
Damaliscus korrigum,Metazoa,Mammalia,Artiodactyla,Bovidae,Damaliscus,Damaliscus lunatus,127.19487,EltonTraits,NA
Diceros bicornis,Metazoa,Mammalia,Perissodactyla,Rhinocerotidae,Diceros,Diceros bicornis,1180.5109,EltonTraits,NA
Equus grevyi,Metazoa,Mammalia,Perissodactyla,Equidae,Equus,Equus grevyi,407.99985,EltonTraits,NA
Equus quagga burchellii,Metazoa,Mammalia,Perissodactyla,Equidae,Equus,Equus quagga,400,EltonTraits,NA
Giraffa tippelskirchi,Metazoa,Mammalia,Artiodactyla,Giraffidae,Giraffa,Giraffa tippelskirchi,899.9948,EltonTraits,NA
Hippotragus equinus,Metazoa,Mammalia,Artiodactyla,Bovidae,Hippotragus,Hippotragus equinus,269.99766,EltonTraits,NA
Hippotragus niger,Metazoa,Mammalia,Artiodactyla,Bovidae,Hippotragus,Hippotragus niger,227.49927,EltonTraits,NA
Kobus leche,Metazoa,Mammalia,Artiodactyla,Bovidae,Kobus,Kobus leche,110.74905,EltonTraits,NA
Kobus megaceros,Metazoa,Mammalia,Artiodactyla,Bovidae,Kobus,Kobus megaceros,87.50039,EltonTraits,NA
Kobus vardonii,Metazoa,Mammalia,Artiodactyla,Bovidae,Kobus,Kobus vardonii,71.50065,EltonTraits,NA
Lepus saxatilis,Metazoa,Mammalia,Lagomorpha,Leporidae,Lepus,Lepus saxatilis,2.36333,EltonTraits,NA
Litocranius walleri,Metazoa,Mammalia,Artiodactyla,Bovidae,Litocranius,Litocranius walleri,37.99969,EltonTraits,NA
Loxodonta africana,Metazoa,Mammalia,Proboscidea,Elephantidae,Loxodonta,Loxodonta africana,4000.00008,Tamburello_etal,NA
Nanger granti,Metazoa,Mammalia,Artiodactyla,Bovidae,Nanger,Nanger granti,55.46446,EltonTraits,NA
Papio anubis,Metazoa,Mammalia,Primates,Cercopithecidae,Papio,Papio anubis,16.65,Galan-Acedo et al. 2019,NA
Papio papio,Metazoa,Mammalia,Primates,Cercopithecidae,Papio,Papio papio,18.02605,EltonTraits,NA
Pelea capreolus,Metazoa,Mammalia,Artiodactyla,Bovidae,Pelea,Pelea capreolus,20,EltonTraits,NA
Potamochoerus larvatus,Metazoa,Mammalia,Artiodactyla,Suidae,Potamochoerus,Potamochoerus larvatus,48.78125,EltonTraits,NA
Redunca redunca,Metazoa,Mammalia,Artiodactyla,Bovidae,Redunca,Redunca redunca,44.05041,EltonTraits,NA
Thryonomys swinderianus,Metazoa,Mammalia,Rodentia,Thryonomyidae,Thryonomys,Thryonomys swinderianus,3.18002,EltonTraits,NA
Tragelaphus imberbis,Metazoa,Mammalia,Artiodactyla,Bovidae,Tragelaphus,Tragelaphus imberbis,81.57555,EltonTraits,NA
Tragelaphus scriptus,Metazoa,Mammalia,Artiodactyla,Bovidae,Tragelaphus,Tragelaphus scriptus,43.25039,EltonTraits,NA
Calidris pugnax,Metazoa,Aves,Charadriiformes,Scolopacidae,Calidris,Calidris pugnax,0.13168,EltonTraits,NA
Aix sponsa,Metazoa,Aves,Anseriformes,Anatidae,Aix,Aix sponsa,0.658,Best_etal_1996,NA
Anas fulvigula,Metazoa,Aves,Anseriformes,Anatidae,Anas,Anas fulvigula,0.84342,EltonTraits,NA
Bassariscus astutus,Metazoa,Mammalia,Carnivora,Procyonidae,Bassariscus,Bassariscus astutus,1.12951,EltonTraits,NA
Columba livia domestica,Metazoa,Aves,Columbiformes,Columbidae,Columba,Columba livia,0.393,Moller_etal_2004,NA
Dipsosaurus dorsalis,Metazoa,Lepidosauria,Squamata,Iguanidae,Dipsosaurus,Dipsosaurus dorsalis,0.0506125,Perry_Garland_2002,NA
Gallinula chloropus,Metazoa,Aves,Gruiformes,Rallidae,Gallinula,Gallinula chloropus,0.33963,EltonTraits,NA
Hypostomus alatus,Metazoa,Actinopteri,Siluriformes,Loricariidae,Hypostomus,Hypostomus alatus,0.8534,"Pessali et al. 2022. Length-weight relationships of 78 fish species from S?o Francisco River basin, Brazil.",NA
Lama guanicoe,Metazoa,Mammalia,Artiodactyla,Camelidae,Lama,Lama guanicoe,115,"Franklin, W. 2011. Family Camelidae (camels). Pp. 206-247 in D Wilson, R Mittermeier, eds. Handbook of the mammals of the world, Vol. 2. Barcelona: Lynx Edicions.",NA
Larus canus,Metazoa,Aves,Charadriiformes,Laridae,Larus,Larus canus,0.41253,EltonTraits,NA
Microtus ochrogaster,Metazoa,Mammalia,Rodentia,Cricetidae,Microtus,Microtus ochrogaster,0.03544,Tamburello_etal_2015,NA
Myocastor coypus,Metazoa,Mammalia,Rodentia,Myocastoridae,Myocastor,Myocastor coypus,6.93745,EltonTraits,NA
Myotis grisescens,Metazoa,Mammalia,Chiroptera,Vespertilionidae,Myotis,Myotis grisescens,0.01054,EltonTraits,NA
Neotoma fuscipes,Metazoa,Mammalia,Rodentia,Cricetidae,Neotoma,Neotoma fuscipes,0.22983,EltonTraits,NA
Peromyscus eremicus,Metazoa,Mammalia,Rodentia,Cricetidae,Peromyscus,Peromyscus eremicus,0.02365,EltonTraits,NA
Peromyscus truei,Metazoa,Mammalia,Rodentia,Cricetidae,Peromyscus,Peromyscus truei,0.02735,EltonTraits,NA
Pituophis catenifer annectens,Metazoa,Lepidosauria,Squamata,Colubridae,Pituophis,Pituophis catenifer,0.001586314,RepTraits,NA
Polioptila melanura,Metazoa,Aves,Passeriformes,Certhiidae,Polioptila,Polioptila melanura,0.0052,EltonTraits,NA
Thomomys talpoides,Metazoa,Mammalia,Rodentia,Geomyidae,Thomomys,Thomomys talpoides,0.14,Harestad_ Bunnel_1979,NA
Zapus princeps,Metazoa,Mammalia,Rodentia,Dipodidae,Zapus,Zapus princeps,0.029,EltonTraits,NA
Zenaida macroura,Metazoa,Aves,Columbiformes,Columbidae,Zenaida,Zenaida macroura,0.119,Best_etal_1996,NA
Rallus limicola,Metazoa,Aves,Gruiformes,Rallidae,Rallus,Rallus limicola,0.0841,EltonTraits,NA
Grampus griseus,Metazoa,Mammalia,Artiodactyla,Delphinidae,Grampus,Grampus griseus,387.5,EltonTraits,NA
Uta stansburiana,Metazoa,Lepidosauria,Squamata,Phrynosomatidae,Uta,Uta stansburiana,1.58489e-5,RepTraits,NA
Cornu aspersum,Metazoa,Gastropoda,Stylommatophora,Helicidae,Cornu,Cornu aspersum,0.00421,"Gait?n-Espitia JD, et al. 2013 Variation in thermal sensitivity and thermal tolerances in an invasive species across a climatic gradient: lessons from the land snail Cornu aspersum.",NA
Acanthis flammea,Metazoa,Aves,Passeriformes,Fringillidae,Acanthis,Acanthis flammea,0.013,EltonTraits,NA
Acanthis hornemanni,Metazoa,Aves,Passeriformes,Fringillidae,Acanthis,Acanthis hornemanni,0.0152,EltonTraits,NA
Acrocephalus schoenobaenus,Metazoa,Aves,Passeriformes,Sylviidae,Acrocephalus,Acrocephalus schoenobaenus,0.01183,EltonTraits,NA
Actitis hypoleucos,Metazoa,Aves,Charadriiformes,Scolopacidae,Actitis,Actitis hypoleucos,0.048,EltonTraits,NA
Aethia cristatella,Metazoa,Aves,Charadriiformes,Alcidae,Aethia,Aethia cristatella,0.25936,EltonTraits,NA
Aethia psittacula,Metazoa,Aves,Charadriiformes,Alcidae,Aethia,Aethia psittacula,0.26998,EltonTraits,NA
Alauda arvensis,Metazoa,Aves,Passeriformes,Alaudidae,Alauda,Alauda arvensis,0.0427,Moller_etal_2004,NA
Alle alle,Metazoa,Aves,Charadriiformes,Alcidae,Alle,Alle alle,0.18073,EltonTraits,NA
Ammodytes hexapterus,Metazoa,Actinopteri,Uranoscopiformes,Ammodytidae,Ammodytes,Ammodytes hexapterus,0.1,"Fadeev, N.S., 2005. Guide to biology and fisheries of fishes of the North Pacific Ocean. Vladivostok, TINRO-Center. 366 p.",NA
Anas crecca,Metazoa,Aves,Anseriformes,Anatidae,Anas,Anas crecca,0.35,Hein_etal_2012,NA
Anser anser,Metazoa,Aves,Anseriformes,Anatidae,Anser,Anser anser,3.30241,EltonTraits,NA
Anser brachyrhynchus,Metazoa,Aves,Anseriformes,Anatidae,Anser,Anser brachyrhynchus,2.64204,EltonTraits,NA
Anser canagicus,Metazoa,Aves,Anseriformes,Anatidae,Anser,Anser canagicus,2.1364899999999998,EltonTraits,NA
Anser erythropus,Metazoa,Aves,Anseriformes,Anatidae,Anser,Anser erythropus,1.7555,EltonTraits,NA
Anser fabalis,Metazoa,Aves,Anseriformes,Anatidae,Anser,Anser fabalis,2.75473,EltonTraits,NA
Anthus campestris,Metazoa,Aves,Passeriformes,Motacillidae,Anthus,Anthus campestris,0.023,EltonTraits,NA
Anthus cervinus,Metazoa,Aves,Passeriformes,Motacillidae,Anthus,Anthus cervinus,0.0209,EltonTraits,NA
Anthus hodgsoni,Metazoa,Aves,Passeriformes,Motacillidae,Anthus,Anthus hodgsoni,0.0213,EltonTraits,NA
Anthus petrosus,Metazoa,Aves,Passeriformes,Motacillidae,Anthus,Anthus petrosus,0.0224,EltonTraits,NA
Asio flammeus,Metazoa,Aves,Strigiformes,Strigidae,Asio,Asio flammeus,0.315,Armstrong_1965,NA
Aythya fuligula,Metazoa,Aves,Anseriformes,Anatidae,Aythya,Aythya fuligula,0.66,Hein_etal_2012,NA
Aythya marila,Metazoa,Aves,Anseriformes,Anatidae,Aythya,Aythya marila,1.00537,EltonTraits,NA
Branta bernicla,Metazoa,Aves,Anseriformes,Anatidae,Branta,Branta bernicla,1.4,Hein_Gillooly_2011,NA
Branta leucopsis,Metazoa,Aves,Anseriformes,Anatidae,Branta,Branta leucopsis,1.8,Hein_Gillooly_2011,NA
Bubo scandiacus,Metazoa,Aves,Strigiformes,Strigidae,Bubo,Bubo scandiacus,2.02876,EltonTraits,NA
Buteo lagopus,Metazoa,Aves,Accipitriformes,Accipitridae,Buteo,Buteo lagopus,0.94976,EltonTraits,NA
Calcarius lapponicus,Metazoa,Aves,Passeriformes,Fringillidae,Calcarius,Calcarius lapponicus,0.0286,Mace_Harvey_1983,NA
Calidris alba,Metazoa,Aves,Charadriiformes,Scolopacidae,Calidris,Calidris alba,0.05171,EltonTraits,NA
Calidris alpina,Metazoa,Aves,Charadriiformes,Scolopacidae,Calidris,Calidris alpina,0.052,Sibly_etal_2012,NA
Calidris canutus,Metazoa,Aves,Charadriiformes,Scolopacidae,Calidris,Calidris canutus,0.14187,EltonTraits,NA
Calidris falcinellus,Metazoa,Aves,Charadriiformes,Scolopacidae,Calidris,Calidris falcinellus,0.0371,EltonTraits,NA
Calidris maritima,Metazoa,Aves,Charadriiformes,Scolopacidae,Calidris,Calidris maritima,0.0651,EltonTraits,NA
Calidris melanotos,Metazoa,Aves,Charadriiformes,Scolopacidae,Calidris,Calidris melanotos,0.07973,EltonTraits,NA
Calidris minuta,Metazoa,Aves,Charadriiformes,Scolopacidae,Calidris,Calidris minuta,0.0211,EltonTraits,NA
Calidris temminckii,Metazoa,Aves,Charadriiformes,Scolopacidae,Calidris,Calidris temminckii,0.023,EltonTraits,NA
Carpodacus erythrinus,Metazoa,Aves,Passeriformes,Fringillidae,Carpodacus,Carpodacus erythrinus,0.02397,EltonTraits,NA
Cepphus columba,Metazoa,Aves,Charadriiformes,Alcidae,Cepphus,Cepphus columba,0.53,EltonTraits,NA
Cepphus grylle,Metazoa,Aves,Charadriiformes,Alcidae,Cepphus,Cepphus grylle,0.378,EltonTraits,NA
Charadrius dubius,Metazoa,Aves,Charadriiformes,Charadriidae,Charadrius,Charadrius dubius,0.0387,EltonTraits,NA
Charadrius hiaticula,Metazoa,Aves,Charadriiformes,Charadriidae,Charadrius,Charadrius hiaticula,0.06404,EltonTraits,NA
Charadrius morinellus,Metazoa,Aves,Charadriiformes,Charadriidae,Charadrius,Charadrius morinellus,0.10816,EltonTraits,NA
Charadrius semipalmatus,Metazoa,Aves,Charadriiformes,Charadriidae,Charadrius,Charadrius semipalmatus,0.04674,EltonTraits,NA
Chen caerulescens,Metazoa,Aves,Anseriformes,Anatidae,Anser,Anser caerulescens,2.63615,EltonTraits,NA
Circus aeruginosus,Metazoa,Aves,Accipitriformes,Accipitridae,Circus,Circus aeruginosus,0.70407,EltonTraits,NA
Circus cyaneus,Metazoa,Aves,Accipitriformes,Accipitridae,Circus,Circus cyaneus,0.39298,EltonTraits,NA
Clangula hyemalis,Metazoa,Aves,Anseriformes,Anatidae,Clangula,Clangula hyemalis,0.871,EltonTraits,NA
Coloeus monedula,Metazoa,Aves,Passeriformes,Corvidae,Coloeus,Coloeus monedula,0.246,EltonTraits,NA
Coturnix coturnix,Metazoa,Aves,Galliformes,Phasianidae,Coturnix,Coturnix coturnix,0.09628,EltonTraits,NA
Cygnus columbianus,Metazoa,Aves,Anseriformes,Anatidae,Cygnus,Cygnus columbianus,6.8,Hein_Gillooly_2011,NA
Cygnus cygnus,Metazoa,Aves,Anseriformes,Anatidae,Cygnus,Cygnus cygnus,9.4,Hein_Gillooly_2011,NA
Cygnus olor,Metazoa,Aves,Anseriformes,Anatidae,Cygnus,Cygnus olor,11.8,Jenkins_etal_2007,NA
Dicrostonyx torquatus,Metazoa,Mammalia,Rodentia,Cricetidae,Dicrostonyx,Dicrostonyx torquatus,0.085,EltonTraits,NA
Emberiza aureola,Metazoa,Aves,Passeriformes,Fringillidae,Emberiza,Emberiza aureola,0.0196,EltonTraits,NA
Emberiza pallasi,Metazoa,Aves,Passeriformes,Fringillidae,Emberiza,Emberiza pallasi,0.01396,EltonTraits,NA
Emberiza pusilla,Metazoa,Aves,Passeriformes,Fringillidae,Emberiza,Emberiza pusilla,0.01457,EltonTraits,NA
Emberiza rustica,Metazoa,Aves,Passeriformes,Fringillidae,Emberiza,Emberiza rustica,0.02054,EltonTraits,NA
Emberiza schoeniclus,Metazoa,Aves,Passeriformes,Fringillidae,Emberiza,Emberiza schoeniclus,0.0184,EltonTraits,NA
Enhydra lutris,Metazoa,Mammalia,Carnivora,Mustelidae,Enhydra,Enhydra lutris,23.5,EltonTraits,NA
Eremophila alpestris,Metazoa,Aves,Passeriformes,Alaudidae,Eremophila,Eremophila alpestris,0.0408,Mace_Harvey_1983,NA
Erithacus rubecula,Metazoa,Aves,Passeriformes,Turdidae,Erithacus,Erithacus rubecula,0.018,Armstrong_1965,NA
Eumetopias jubatus,Metazoa,Mammalia,Carnivora,Otariidae,Eumetopias,Eumetopias jubatus,310,EltonTraits,NA
Falco columbarius,Metazoa,Aves,Falconiformes,Falconidae,Falco,Falco columbarius,0.218,Jenkins_etal_2007,NA
Fratercula cirrhata,Metazoa,Aves,Charadriiformes,Alcidae,Fratercula,Fratercula cirrhata,0.77437,EltonTraits,NA
Fratercula corniculata,Metazoa,Aves,Charadriiformes,Alcidae,Fratercula,Fratercula corniculata,0.53614,EltonTraits,NA
Fringilla coelebs,Metazoa,Aves,Passeriformes,Fringillidae,Fringilla,Fringilla coelebs,0.02325,Tamburello_etal_2015,NA
Fulica atra,Metazoa,Aves,Gruiformes,Rallidae,Fulica,Fulica atra,0.84,Hein_Gillooly_2011,NA
Fulmarus glacialis,Metazoa,Aves,Procellariiformes,Procellariidae,Fulmarus,Fulmarus glacialis,0.61194,EltonTraits,NA
Gallinago gallinago,Metazoa,Aves,Charadriiformes,Scolopacidae,Gallinago,Gallinago gallinago,0.11294,EltonTraits,NA
Gallinago media,Metazoa,Aves,Charadriiformes,Scolopacidae,Gallinago,Gallinago media,0.16996,EltonTraits,NA
Gallinago stenura,Metazoa,Aves,Charadriiformes,Scolopacidae,Gallinago,Gallinago stenura,0.113,EltonTraits,NA
Garrulus glandarius,Metazoa,Aves,Passeriformes,Corvidae,Garrulus,Garrulus glandarius,0.15946,EltonTraits,NA
Gavia adamsii,Metazoa,Aves,Gaviiformes,Gaviidae,Gavia,Gavia adamsii,4.94434,EltonTraits,NA
Gavia immer,Metazoa,Aves,Gaviiformes,Gaviidae,Gavia,Gavia immer,4.95681,EltonTraits,NA
Gavia stellata,Metazoa,Aves,Gaviiformes,Gaviidae,Gavia,Gavia stellata,1.486,EltonTraits,NA
Grus grus,Metazoa,Aves,Gruiformes,Gruidae,Grus,Grus grus,5.49999,EltonTraits,NA
Haematopus ostralegus,Metazoa,Aves,Charadriiformes,Haematopodidae,Haematopus,Haematopus ostralegus,0.526,EltonTraits,NA
Histrionicus histrionicus,Metazoa,Aves,Anseriformes,Anatidae,Histrionicus,Histrionicus histrionicus,0.56157,EltonTraits,NA
Hydrobates pelagicus,Metazoa,Aves,Procellariiformes,NA,Hydrobates,Hydrobates pelagicus,0.0252,EltonTraits,NA
Hydrocoloeus minutus,Metazoa,Aves,Charadriiformes,Laridae,Hydrocoloeus,Hydrocoloeus minutus,0.118,EltonTraits,NA
Jynx torquilla,Metazoa,Aves,Piciformes,Picidae,Jynx,Jynx torquilla,0.03496,EltonTraits,NA
Lagopus lagopus,Metazoa,Aves,Galliformes,Phasianidae,Lagopus,Lagopus lagopus,0.62,Schoener_1968,NA
Lagopus muta,Metazoa,Aves,Galliformes,Phasianidae,Lagopus,Lagopus muta,0.5353,EltonTraits,NA
Larus argentatus,Metazoa,Aves,Charadriiformes,Laridae,Larus,Larus argentatus,1.09099,EltonTraits,NA
Larus fuscus,Metazoa,Aves,Charadriiformes,Laridae,Larus,Larus fuscus,0.8,Hein_etal_2012,NA
Larus glaucescens,Metazoa,Aves,Charadriiformes,Laridae,Larus,Larus glaucescens,1.01,EOL,NA
Larus glaucoides,Metazoa,Aves,Charadriiformes,Laridae,Larus,Larus glaucoides,0.69331,EltonTraits,NA
Larus hyperboreus,Metazoa,Aves,Charadriiformes,Laridae,Larus,Larus hyperboreus,1.52904,EltonTraits,NA
Larus marinus,Metazoa,Aves,Charadriiformes,Laridae,Larus,Larus marinus,1.64971,EltonTraits,NA
Lemmus lemmus,Metazoa,Mammalia,Rodentia,Cricetidae,Lemmus,Lemmus lemmus,0.1,Hein_etal_2012,NA
Lemmus sibiricus,Metazoa,Mammalia,Rodentia,Cricetidae,Lemmus,Lemmus sibiricus,0.09214,Tamburello_etal_2015,NA
Lepus timidus,Metazoa,Mammalia,Lagomorpha,Leporidae,Lepus,Lepus timidus,2.82501,Tamburello_etal_2015,NA
Limosa lapponica,Metazoa,Aves,Charadriiformes,Scolopacidae,Limosa,Limosa lapponica,0.29165,EltonTraits,NA
Limosa limosa,Metazoa,Aves,Charadriiformes,Scolopacidae,Limosa,Limosa limosa,0.28837,EltonTraits,NA
Linaria cannabina,Metazoa,Aves,Passeriformes,Fringillidae,Linaria,Linaria cannabina,0.0155,Tamburello_etal_2015,NA
Linaria flavirostris,Metazoa,Aves,Passeriformes,Fringillidae,Linaria,Linaria flavirostris,0.0154,EltonTraits,NA
Locustella naevia,Metazoa,Aves,Passeriformes,Locustellidae,Locustella,Locustella naevia,0.0133,EltonTraits,NA
Lophophanes cristatus,Metazoa,Aves,Passeriformes,Paridae,Lophophanes,Lophophanes cristatus,0.01104,EltonTraits,NA
Loxia pytyopsittacus,Metazoa,Aves,Passeriformes,Fringillidae,Loxia,Loxia pytyopsittacus,0.053,EltonTraits,NA
Lymnocryptes minimus,Metazoa,Aves,Charadriiformes,Scolopacidae,Lymnocryptes,Lymnocryptes minimus,0.05007,EltonTraits,NA
Lyrurus tetrix,Metazoa,Aves,Galliformes,Phasianidae,Lyrurus,Lyrurus tetrix,1.06866,EltonTraits,NA
Mallotus villosus,Metazoa,Actinopteri,Osmeriformes,Salangidae,Mallotus,Mallotus villosus,0.052,"Velikanov, A.Y., 1993. Capelin. p. 105-109. In F.S. Terziev (ed.). Project ""The seas"". Hydrometeorology and hydrochemistry of the seas. Vol. 9. Sea of Okhotsk. Sankt-Peterburg, Gidrometeoizdat.",NA
Melanitta fusca,Metazoa,Aves,Anseriformes,Anatidae,Melanitta,Melanitta fusca,1.80017,EltonTraits,NA
Melanitta nigra,Metazoa,Aves,Anseriformes,Anatidae,Melanitta,Melanitta nigra,1.04998,EltonTraits,NA
Melospiza melodia,Metazoa,Aves,Passeriformes,Passerellidae,Melospiza,Melospiza melodia,0.0216,Mace_Harvey_1983,NA
Mergus serrator,Metazoa,Aves,Anseriformes,Anatidae,Mergus,Mergus serrator,1.01517,EltonTraits,NA
Microtus agrestis,Metazoa,Mammalia,Rodentia,Cricetidae,Microtus,Microtus agrestis,0.038,Tamburello_etal_2015,NA
Microtus gregalis,Metazoa,Mammalia,Rodentia,Cricetidae,Stenocranius,Stenocranius gregalis,0.0475,EltonTraits,NA
Microtus middendorffi,Metazoa,Mammalia,Rodentia,Cricetidae,Alexandromys,Alexandromys middendorffii,0.03649,EltonTraits,NA
Microtus oeconomus,Metazoa,Mammalia,Rodentia,Cricetidae,Alexandromys,Alexandromys oeconomus,0.03438,EltonTraits,NA
Morus bassanus,Metazoa,Aves,Suliformes,Sulidae,Morus,Morus bassanus,2.99874,EltonTraits,NA
Motacilla citreola,Metazoa,Aves,Passeriformes,Motacillidae,Motacilla,Motacilla citreola,0.01911,EltonTraits,NA
Motacilla flava,Metazoa,Aves,Passeriformes,Motacillidae,Motacilla,Motacilla flava,0.0175,Tamburello_etal_2015,NA
Muscicapa striata,Metazoa,Aves,Passeriformes,Muscicapidae,Muscicapa,Muscicapa striata,0.0128,Tamburello_etal_2015,NA
Myodes glareolus,Metazoa,Mammalia,Rodentia,Cricetidae,Myodes,Myodes glareolus,0.02073,EltonTraits,NA
Myodes rufocanus,Metazoa,Mammalia,Rodentia,Cricetidae,Myodes,Myodes rufocanus,0.03643,EltonTraits,NA
Myodes rutilus,Metazoa,Mammalia,Rodentia,Cricetidae,Clethrionomys,Clethrionomys rutilus,0.01994,EltonTraits,NA
Myopus schisticolor,Metazoa,Mammalia,Rodentia,Cricetidae,Myopus,Myopus schisticolor,0.025,EltonTraits,NA
Nucifraga caryocatactes,Metazoa,Aves,Passeriformes,Corvidae,Nucifraga,Nucifraga caryocatactes,0.13,Mace_Harvey_1983,NA
Numenius arquata,Metazoa,Aves,Charadriiformes,Scolopacidae,Numenius,Numenius arquata,0.80299,EltonTraits,NA
Numenius phaeopus,Metazoa,Aves,Charadriiformes,Scolopacidae,Numenius,Numenius phaeopus,0.4,Jenkins_etal_2007,NA
Oceanodroma leucorhoa,Metazoa,Aves,Procellariiformes,NA,Oceanodroma,Oceanodroma leucorhoa,0.03671,EltonTraits,NA
Oenanthe oenanthe,Metazoa,Aves,Passeriformes,Muscicapidae,Oenanthe,Oenanthe oenanthe,0.0252,Tamburello_etal_2015,NA
Pagophila eburnea,Metazoa,Aves,Charadriiformes,Laridae,Pagophila,Pagophila eburnea,0.54999,EltonTraits,NA
Parus major,Metazoa,Aves,Passeriformes,Paridae,Parus,Parus major,0.0197,armstrong_1965,NA
Passer domesticus,Metazoa,Aves,Passeriformes,Passeridae,Passer,Passer domesticus,0.029,Mace_Harvey_1983,NA
Perdix perdix,Metazoa,Aves,Galliformes,Phasianidae,Perdix,Perdix perdix,0.4053,EltonTraits,NA
Phalacrocorax auritus,Metazoa,Aves,Suliformes,Phalacrocoracidae,Phalacrocorax,Phalacrocorax auritus,1.80649,EltonTraits,NA
Phalacrocorax pelagicus,Metazoa,Aves,Suliformes,Phalacrocoracidae,Phalacrocorax,Phalacrocorax pelagicus,1.84395,EltonTraits,NA
Phalaropus fulicarius,Metazoa,Aves,Charadriiformes,Scolopacidae,Phalaropus,Phalaropus fulicarius,0.05559,EltonTraits,NA
Phalaropus lobatus,Metazoa,Aves,Charadriiformes,Scolopacidae,Tringa,Tringa tobata,0.03668,EltonTraits,NA
Phoca largha,Metazoa,Mammalia,Carnivora,Phocidae,Phoca,Phoca largha,150,EltonTraits,NA
Phylloscopus borealis,Metazoa,Aves,Passeriformes,Phylloscopidae,Phylloscopus,Phylloscopus borealis,0.01089,EltonTraits,NA
Phylloscopus collybita,Metazoa,Aves,Passeriformes,Phylloscopidae,Phylloscopus,Phylloscopus collybita,0.0083,EltonTraits,NA
Phylloscopus inornatus,Metazoa,Aves,Passeriformes,Phylloscopidae,Phylloscopus,Phylloscopus inornatus,0.00659,EltonTraits,NA
Phylloscopus trochiloides,Metazoa,Aves,Passeriformes,Phylloscopidae,Phylloscopus,Phylloscopus trochiloides,0.00805,EltonTraits,NA
Phylloscopus trochilus,Metazoa,Aves,Passeriformes,Phylloscopidae,Phylloscopus,Phylloscopus trochilus,0.0087,Hein_etal_2012,NA
Picus viridis,Metazoa,Aves,Piciformes,Picidae,Picus,Picus viridis,0.18667,Tamburello_etal_2015,NA
Pinicola enucleator,Metazoa,Aves,Passeriformes,Fringillidae,Pinicola,Pinicola enucleator,0.0564,EltonTraits,NA
Plectrophenax nivalis,Metazoa,Aves,Passeriformes,Fringillidae,Plectrophenax,Plectrophenax nivalis,0.0422,EltonTraits,NA
Pluvialis apricaria,Metazoa,Aves,Charadriiformes,Charadriidae,Pluvialis,Pluvialis apricaria,0.214,EltonTraits,NA
Pluvialis squatarola,Metazoa,Aves,Charadriiformes,Charadriidae,Pluvialis,Pluvialis squatarola,0.25,EltonTraits,NA
Polysticta stelleri,Metazoa,Aves,Anseriformes,Anatidae,Polysticta,Polysticta stelleri,0.80676,EltonTraits,NA
Porzana porzana,Metazoa,Aves,Gruiformes,Rallidae,Porzana,Porzana porzana,0.0871,EltonTraits,NA
Prunella modularis,Metazoa,Aves,Passeriformes,Prunellidae,Prunella,Prunella modularis,0.02024,EltonTraits,NA
Ptychoramphus aleuticus,Metazoa,Aves,Charadriiformes,Alcidae,Ptychoramphus,Ptychoramphus aleuticus,0.184,EltonTraits,NA
Puffinus tenuirostris,Metazoa,Aves,Procellariiformes,Procellariidae,Ardenna,Ardenna tenuirostris,0.559,EltonTraits,NA
Pyrrhula pyrrhula,Metazoa,Aves,Passeriformes,Fringillidae,Pyrrhula,Pyrrhula pyrrhula,0.02426,EltonTraits,NA
Rissa tridactyla,Metazoa,Aves,Charadriiformes,Laridae,Rissa,Rissa tridactyla,0.41599,EltonTraits,NA
Saxicola rubetra,Metazoa,Aves,Passeriformes,Muscicapidae,Saxicola,Saxicola rubetra,0.01648,Tamburello_etal_2015,NA
Saxicola torquatus,Metazoa,Aves,Passeriformes,Muscicapidae,Saxicola,Saxicola torquatus,0.01409,EltonTraits,NA
Scolopax rusticola,Metazoa,Aves,Charadriiformes,Scolopacidae,Scolopax,Scolopax rusticola,0.30831,EltonTraits,NA
Somateria mollissima,Metazoa,Aves,Anseriformes,Anatidae,Somateria,Somateria mollissima,2.06093,EltonTraits,NA
Somateria spectabilis,Metazoa,Aves,Anseriformes,Anatidae,Somateria,Somateria spectabilis,1.61671,EltonTraits,NA
Sorex araneus,Metazoa,Mammalia,Eulipotyphla,Soricidae,Sorex,Sorex araneus,0.01,EltonTraits,NA
Sorex isodon,Metazoa,Mammalia,Eulipotyphla,Soricidae,Sorex,Sorex isodon,0.00935,EltonTraits,NA
Sorex minutissimus,Metazoa,Mammalia,Eulipotyphla,Soricidae,Sorex,Sorex minutissimus,0.00251,EltonTraits,NA
Sorex minutus,Metazoa,Mammalia,Eulipotyphla,Soricidae,Sorex,Sorex minutus,0.0045,EltonTraits,NA
Sorex tundrensis,Metazoa,Mammalia,Eulipotyphla,Soricidae,Sorex,Sorex tundrensis,0.00773,EltonTraits,NA
Spatula querquedula,Metazoa,Aves,Anseriformes,Anatidae,Spatula,Spatula querquedula,0.3256,EltonTraits,NA
Spinus spinus,Metazoa,Aves,Passeriformes,Fringillidae,Spinus,Spinus spinus,0.01324,EltonTraits,NA
Stercorarius longicaudus,Metazoa,Aves,Charadriiformes,Stercorariidae,Stercorarius,Stercorarius longicaudus,0.2879,EltonTraits,NA
Stercorarius parasiticus,Metazoa,Aves,Charadriiformes,Stercorariidae,Stercorarius,Stercorarius parasiticus,0.44431,EltonTraits,NA
Stercorarius pomarinus,Metazoa,Aves,Charadriiformes,Stercorariidae,Stercorarius,Stercorarius pomarinus,0.75,Armstrong_1965,NA
Stercorarius skua,Metazoa,Aves,Charadriiformes,Stercorariidae,Stercorarius,Stercorarius skua,1.33822,EltonTraits,NA
Sterna hirundo,Metazoa,Aves,Charadriiformes,Laridae,Sterna,Sterna hirundo,0.12915,EltonTraits,NA
Sterna paradisaea,Metazoa,Aves,Charadriiformes,Laridae,Sterna,Sterna paradisaea,0.11,EltonTraits,NA
Sturnus vulgaris,Metazoa,Aves,Passeriformes,Sturnidae,Sturnus,Sturnus vulgaris,0.082,Hein_etal_2012,NA
Sylvia atricapilla,Metazoa,Aves,Passeriformes,Sylviidae,Sylvia,Sylvia atricapilla,0.0155,Moller_etal_2004,NA
Synthliboramphus antiquus,Metazoa,Aves,Charadriiformes,Alcidae,Synthliboramphus,Synthliboramphus antiquus,0.21772,EltonTraits,NA
Tadorna tadorna,Metazoa,Aves,Anseriformes,Anatidae,Tadorna,Tadorna tadorna,1.14683,EltonTraits,NA
Tarsiger cyanurus,Metazoa,Aves,Passeriformes,Turdidae,Tarsiger,Tarsiger cyanurus,0.01343,EltonTraits,NA
Tetrao urogallus,Metazoa,Aves,Galliformes,Phasianidae,Tetrao,Tetrao urogallus,2.71661,EltonTraits,NA
Tetrastes bonasia,Metazoa,Aves,Galliformes,Phasianidae,Tetrastes,Tetrastes bonasia,4.29e-4,EltonTraits,NA
Tringa erythropus,Metazoa,Aves,Charadriiformes,Scolopacidae,Tringa,Tringa erythropus,0.158,EltonTraits,NA
Tringa glareola,Metazoa,Aves,Charadriiformes,Scolopacidae,Tringa,Tringa glareola,0.06205,EltonTraits,NA
Tringa nebularia,Metazoa,Aves,Charadriiformes,Scolopacidae,Tringa,Tringa nebularia,0.187,EltonTraits,NA
Tringa ochropus,Metazoa,Aves,Charadriiformes,Scolopacidae,Tringa,Tringa ochropus,0.0714,EltonTraits,NA
Tringa totanus,Metazoa,Aves,Charadriiformes,Scolopacidae,Tringa,Tringa totanus,0.129,EltonTraits,NA
Turdus iliacus,Metazoa,Aves,Passeriformes,Turdidae,Turdus,Turdus iliacus,0.0612,EltonTraits,NA
Turdus merula,Metazoa,Aves,Passeriformes,Turdidae,Turdus,Turdus merula,9.2e-5,EltonTraits,NA
Turdus philomelos,Metazoa,Aves,Passeriformes,Turdidae,Turdus,Turdus philomelos,0.06774,EltonTraits,NA
Turdus pilaris,Metazoa,Aves,Passeriformes,Turdidae,Turdus,Turdus pilaris,0.106,EltonTraits,NA
Turdus torquatus,Metazoa,Aves,Passeriformes,Turdidae,Turdus,Turdus torquatus,0.109,EltonTraits,NA
Uria aalge,Metazoa,Aves,Charadriiformes,Alcidae,Uria,Uria aalge,0.99193,EltonTraits,NA
Uria lomvia,Metazoa,Aves,Charadriiformes,Alcidae,Uria,Uria lomvia,0.96399,EltonTraits,NA
Vanellus vanellus,Metazoa,Aves,Charadriiformes,Charadriidae,Vanellus,Vanellus vanellus,0.21837,EltonTraits,NA
Xema sabini,Metazoa,Aves,Charadriiformes,Laridae,Xema,Xema sabini,0.198,EltonTraits,NA
Xenus cinereus,Metazoa,Aves,Charadriiformes,Scolopacidae,Xenus,Xenus cinereus,0.0788,EltonTraits,NA
Zootoca vivipara,Metazoa,Lepidosauria,Squamata,Lacertidae,Zootoca,Zootoca vivipara,0.0032,Perry_Garland_2002,NA
Alexandromys oeconomus,Metazoa,Mammalia,Rodentia,Cricetidae,Alexandromys,Alexandromys oeconomus,0.03438,EltonTraits,NA
Anser albifrons,Metazoa,Aves,Anseriformes,Anatidae,Anser,Anser albifrons,2.50639,EltonTraits,NA
Anser caerulescens,Metazoa,Aves,Anseriformes,Anatidae,Anser,Anser caerulescens,2.63615,EltonTraits,NA
Anser caerulescens atlantica,Metazoa,Aves,Anseriformes,Anatidae,Anser,Anser caerulescens,2.63615,EltonTraits,NA
Anser rossii,Metazoa,Aves,Anseriformes,Anatidae,Anser,Anser rossii,1.63599,EltonTraits,NA
Calidris mauri,Metazoa,Aves,Charadriiformes,Scolopacidae,Calidris,Calidris mauri,0.047,Hein_etal_2012,NA
Callorhinus ursinus,Metazoa,Mammalia,Carnivora,Otariidae,Callorhinus,Callorhinus ursinus,45.133,EltonTraits,NA
Eschrichtius robustus,Metazoa,Mammalia,Artiodactyla,Eschrichtiidae,Eschrichtius,Eschrichtius robustus,28500,EltonTraits,NA
Lemmus trimucronatus,Metazoa,Mammalia,Rodentia,Cricetidae,Lemmus,Lemmus trimucronatus,0.06982,EltonTraits,NA
Lepus arcticus,Metazoa,Mammalia,Lagomorpha,Leporidae,Lepus,Lepus arcticus,4.40504,EltonTraits,NA
Microtus levis,Metazoa,Mammalia,Rodentia,Cricetidae,Microtus,Microtus levis,0.03549,EltonTraits,NA
Ovibos moschatus,Metazoa,Mammalia,Artiodactyla,Bovidae,Ovibos,Ovibos moschatus,480,Hein_etal_2012,NA
Pusa hispida,Metazoa,Mammalia,Carnivora,Phocidae,Pusa,Pusa hispida,70.9636,EltonTraits,NA
Rangifer tarandus platyrhynchus,Metazoa,Mammalia,Artiodactyla,Cervidae,Rangifer,Rangifer tarandus,102.05869,Tamburello_etal_2015,NA
Dipodomys ingens,Metazoa,Mammalia,Rodentia,Heteromyidae,Dipodomys,Dipodomys ingens,0.15356,Tamburello_etal,NA
Perognathus inornatus,Metazoa,Mammalia,Rodentia,Heteromyidae,Perognathus,Perognathus inornatus,0.01088,EltonTraits,NA
Setophaga coronata,Metazoa,Aves,Passeriformes,Parulidae,Setophaga,Setophaga coronata,0.01194,EltonTraits,NA
Blarina hylophaga,Metazoa,Mammalia,Eulipotyphla,Soricidae,Blarina,Blarina hylophaga,0.0145,EltonTraits,NA
Chaetodipus hispidus,Metazoa,Mammalia,Rodentia,Heteromyidae,Chaetodipus,Chaetodipus hispidus,0.032,EltonTraits,NA
Cynomys ludovicianus,Metazoa,Mammalia,Rodentia,Sciuridae,Cynomys,Cynomys ludovicianus,1.1,Swihart_etal_1988,NA
Dipodomys ordii,Metazoa,Mammalia,Rodentia,Heteromyidae,Dipodomys,Dipodomys ordii,0.0604,EltonTraits,NA
Geomys bursarius,Metazoa,Mammalia,Rodentia,Geomyidae,Geomys,Geomys bursarius,0.20375,EltonTraits,NA
Mephitis mephitis,Metazoa,Mammalia,Carnivora,Mephitidae,Mephitis,Mephitis mephitis,2.586,Harestad_ Bunnel_1979,NA
Onychomys leucogaster,Metazoa,Mammalia,Rodentia,Cricetidae,Onychomys,Onychomys leucogaster,0.031,Mace_Harvey_1983,NA
Urocitellus richardsonii,Metazoa,Mammalia,Rodentia,Sciuridae,Urocitellus,Urocitellus richardsonii,0.406,EltonTraits,NA
Jaculus jaculus,Metazoa,Mammalia,Rodentia,Dipodidae,Jaculus,Jaculus jaculus,0.05655,EltonTraits,NA
Jaculus orientalis,Metazoa,Mammalia,Rodentia,Dipodidae,Jaculus,Jaculus orientalis,0.138,EltonTraits,NA
Meriones crassus,Metazoa,Mammalia,Rodentia,Muridae,Meriones,Meriones crassus,0.07997,EltonTraits,NA
